feature_1,feature_2,feature_3,feature_4,feature_5,feature_6,feature_7,target_growth
31.157,66.601,53.857,7.658,10.311,1.049,1.077,146.42
25.461,85.733,40.231,7.301,11.411,0.416,2.482,143.52
32.596,67.989,60.481,6.885,4.187,1.763,1.883,146.809
29.855,60.978,69.098,5.458,7.297,2.362,1.844,151.784
19.601,73.817,57.316,5.219,5.633,0.565,2.608,142.287
34.586,69.576,36.652,6.844,11.974,2.168,0.665,142.362
30.939,50.581,52.205,6.501,11.437,1.923,1.126,134.277
31.363,62.673,62.797,5.714,10.417,1.55,0.844,149.323
20.178,59.1,71.968,5.878,6.367,0.516,0.948,139.028
25.657,83.108,32.83,6.176,11.617,2.617,3.017,139.574
24.304,62.048,31.375,6.487,4.234,1.546,4.484,117.925
33.755,81.97,45.647,6.171,5.504,1.359,3.0,152.779
28.946,64.908,31.281,6.162,8.935,2.468,4.434,134.239
31.987,78.908,74.021,5.347,10.344,2.429,2.681,172.034
25.538,51.088,46.215,7.597,11.069,2.145,1.418,128.43
21.863,86.609,51.681,6.827,6.404,2.39,3.951,152.556
27.428,66.625,36.354,5.438,7.126,0.698,0.489,122.774
19.085,56.691,47.456,6.272,7.639,2.226,0.64,118.719
32.07,55.867,74.235,6.25,4.216,1.187,4.275,153.955
28.738,56.928,49.434,6.802,10.912,2.482,2.996,143.233
30.887,61.503,25.441,6.827,6.704,1.289,4.195,120.423
24.027,77.288,37.126,6.936,5.594,0.53,0.771,126.246
34.502,87.732,73.923,7.094,7.274,1.395,3.504,179.818
33.183,75.107,74.453,5.31,9.685,2.216,1.21,167.487
31.233,69.622,35.525,5.915,10.967,1.602,1.676,134.818
21.309,65.187,55.763,5.052,5.723,2.233,4.066,138.908
25.934,82.269,28.845,6.364,5.381,0.485,1.968,125.779
18.745,83.235,53.872,6.288,11.55,0.825,3.083,140.808
20.623,58.187,31.296,7.203,8.407,1.753,4.015,115.779
29.612,87.904,65.933,5.501,6.926,1.325,3.945,167.404
30.661,62.78,71.979,6.894,5.595,2.032,0.238,151.527
34.448,81.004,33.649,5.92,11.962,2.71,0.88,143.807
23.539,88.507,48.136,6.146,9.753,1.984,4.15,154.457
24.298,76.665,30.102,7.158,5.743,1.402,2.618,124.901
25.982,52.27,41.957,5.215,4.73,1.702,2.265,120.124
21.221,71.376,28.255,6.028,5.594,2.591,0.481,118.855
20.209,50.345,38.227,6.174,5.982,2.015,0.308,107.582
26.087,80.511,74.511,7.147,4.889,2.328,4.3,166.82
21.857,57.659,27.23,5.598,5.837,1.124,2.238,106.783
29.387,76.285,67.948,7.842,4.934,2.186,3.582,161.99
25.432,85.954,28.873,7.993,7.022,0.735,1.146,127.178
32.156,53.145,51.45,7.457,7.89,2.199,1.219,140.082
29.905,62.679,47.606,5.899,7.642,2.516,2.609,139.469
23.31,74.12,71.578,6.992,10.634,2.561,3.967,162.681
32.148,63.885,34.952,5.249,6.032,0.68,1.441,119.939
31.681,52.867,33.984,7.614,11.097,2.392,1.614,123.935
24.587,46.308,62.436,6.548,11.265,0.664,2.568,132.844
22.902,63.297,61.286,5.529,11.678,1.548,0.372,142.201
29.602,74.214,59.959,5.982,5.448,2.038,1.829,146.507
20.376,70.829,26.306,7.402,5.966,1.562,2.592,114.632
21.398,52.031,37.998,7.611,8.991,1.216,0.221,111.653
18.125,65.281,66.995,6.559,5.127,2.041,2.943,141.77
31.378,61.626,55.043,6.441,4.685,1.986,0.419,138.145
29.302,57.339,55.11,7.252,4.59,1.799,3.296,137.354
29.988,77.817,39.796,7.479,8.849,1.668,3.647,147.9
31.272,58.934,38.009,7.295,10.437,2.094,3.807,131.408
25.802,69.306,72.328,6.153,6.071,1.367,3.096,153.795
27.669,86.545,61.388,6.926,11.468,0.565,2.615,160.419
20.377,69.267,31.343,7.572,10.335,1.69,1.523,120.509
19.947,72.766,71.885,5.455,4.62,2.136,2.026,147.544
29.363,48.296,54.119,6.164,7.258,1.118,0.574,130.357
26.009,53.016,41.668,5.17,4.544,0.738,3.241,117.402
27.609,49.543,44.857,6.227,11.322,2.588,0.306,127.648
31.005,79.417,61.27,7.317,9.942,2.473,1.978,167.153
28.79,82.616,43.814,5.591,9.492,1.884,2.377,145.781
27.411,53.39,53.937,6.626,9.462,2.288,2.995,135.313
27.507,54.867,60.525,5.11,6.281,2.725,1.676,141.29
23.167,59.544,34.769,7.693,11.468,1.766,2.104,122.544
18.524,71.598,72.212,7.46,11.382,0.986,2.726,156.963
25.424,72.981,42.809,6.573,9.916,1.933,4.17,142.959
21.648,75.904,45.969,7.117,7.751,2.595,3.089,141.91
24.945,85.734,59.926,5.312,4.377,2.056,1.294,154.859
32.508,58.277,55.439,7.536,4.226,0.463,3.843,143.094
21.977,74.644,47.006,7.146,5.105,2.601,0.437,134.468
18.991,70.188,57.487,5.36,8.766,2.209,1.371,141.217
22.784,58.763,70.141,7.942,10.385,1.364,0.665,146.064
22.991,85.834,65.014,5.068,11.588,2.77,2.122,167.02
29.253,49.297,66.213,6.886,5.403,2.132,2.939,139.265
27.47,77.04,37.92,5.515,6.204,2.381,2.483,131.738
31.326,77.754,45.97,7.158,4.433,2.664,3.688,149.106
29.293,86.19,52.691,5.211,11.912,0.495,2.64,155.744
24.909,68.336,27.21,5.243,10.247,2.259,1.2,118.074
31.838,59.473,63.49,6.399,7.846,1.327,2.507,151.755
20.839,82.248,41.173,7.982,8.605,2.486,3.363,143.395
18.386,79.686,39.13,5.83,8.497,2.509,2.363,132.033
19.531,67.514,37.965,6.838,6.035,2.389,2.1,114.784
30.28,79.554,39.169,6.556,5.483,2.27,2.475,142.377
25.852,57.054,41.901,7.526,6.376,2.306,2.557,126.677
20.742,71.528,55.241,5.866,5.977,1.112,1.535,138.366
26.518,83.933,54.178,6.665,8.46,1.376,3.873,156.939
20.589,59.309,37.786,7.852,6.466,0.676,1.093,114.501
29.837,66.76,35.321,5.998,9.832,2.393,0.341,128.989
25.585,87.797,66.318,6.318,8.544,1.95,3.388,164.711
24.477,80.92,29.636,7.666,8.258,1.871,3.822,131.494
23.126,84.917,50.641,5.997,11.61,0.991,2.964,152.266
28.715,62.336,51.028,6.142,6.579,1.876,2.216,137.817
24.151,89.843,53.707,5.912,9.082,1.491,4.393,160.207
19.49,51.865,69.283,7.429,4.0,2.789,1.794,131.692
20.006,68.345,56.196,7.791,9.895,2.471,1.945,137.836
34.352,66.567,73.682,6.893,8.02,1.662,2.742,164.208
33.446,80.929,68.568,6.871,5.667,2.34,2.051,165.811
29.895,85.888,35.737,6.17,4.012,0.795,2.588,139.354
22.52,77.901,37.059,5.037,9.656,0.643,4.356,130.576
34.476,73.207,42.239,5.522,9.302,1.914,1.221,146.722
31.239,64.234,44.576,5.442,9.323,2.144,0.839,134.265
30.187,67.965,52.65,5.348,7.5,0.527,2.021,145.765
25.639,67.919,36.626,6.962,9.114,0.882,2.367,129.449
22.628,45.917,36.117,5.409,8.571,1.689,3.267,107.68
19.639,67.637,44.069,5.257,5.911,0.551,4.307,131.496
33.344,83.519,58.601,6.148,8.15,1.418,3.161,164.503
25.748,76.917,59.406,5.747,8.117,1.557,4.445,154.778
21.44,80.807,73.806,5.438,10.589,2.612,1.259,164.578
23.201,62.572,35.121,5.438,7.468,1.158,1.098,118.757
27.847,68.804,44.643,5.769,7.489,0.805,1.518,135.25
21.005,46.507,73.234,6.611,11.875,0.418,3.585,139.066
32.562,62.235,59.5,7.274,11.156,0.692,1.002,148.413
30.895,66.349,54.614,7.558,5.938,2.202,1.044,144.34
30.231,56.484,51.982,7.254,11.282,1.468,1.97,140.519
25.346,46.406,28.776,6.885,5.104,0.877,1.565,103.489
28.664,76.068,69.669,7.723,10.827,2.639,2.98,168.543
27.93,64.579,56.275,6.559,5.467,2.29,4.028,142.478
29.047,63.706,53.583,6.9,7.405,0.674,0.796,136.724
19.436,56.249,51.975,6.235,11.871,1.045,2.551,126.163
25.069,69.202,44.596,5.982,4.776,2.439,0.58,132.102
18.707,64.711,37.733,5.995,10.718,2.062,1.152,120.179
26.398,66.329,62.766,5.445,7.958,2.669,1.529,147.77
23.608,71.139,50.478,7.39,4.888,0.583,2.69,136.63
20.457,45.285,26.697,5.166,11.62,2.261,2.586,103.045
19.758,85.846,44.955,7.024,8.394,0.583,2.965,141.672
27.99,48.199,71.43,7.593,11.045,1.208,3.721,146.093
20.9,65.292,43.695,6.492,10.953,2.202,1.005,130.083
33.727,54.332,45.662,5.211,4.117,2.106,3.397,129.651
27.878,68.57,56.198,6.285,6.119,0.405,3.068,143.052
23.897,57.61,65.084,6.03,6.695,0.885,0.543,140.275
28.046,83.7,58.423,7.957,8.279,2.269,1.682,161.084
18.388,62.836,67.503,7.074,4.575,0.703,0.319,134.806
34.296,73.744,30.699,7.164,7.112,1.183,0.588,131.676
26.199,56.2,71.23,6.547,10.517,0.841,1.42,152.035
31.306,45.873,70.196,7.128,5.386,0.667,1.245,139.104
19.406,63.187,50.957,7.168,9.61,2.408,4.071,135.361
26.273,69.142,56.237,5.199,7.683,0.547,4.043,145.943
26.342,65.68,35.641,5.668,4.566,1.687,2.685,123.558
33.943,88.291,47.397,5.039,5.419,2.062,3.361,155.823
27.719,76.808,35.135,6.529,5.128,0.538,4.498,131.197
26.049,89.805,26.099,7.627,8.958,1.92,1.964,136.649
22.539,58.278,74.045,6.829,4.699,1.202,2.446,146.66
23.637,80.507,37.957,6.501,10.584,2.401,3.0,143.383
26.851,70.0,54.655,7.778,10.453,2.314,4.158,147.116
25.461,72.529,40.013,5.517,4.64,2.305,3.627,136.807
18.367,89.363,43.531,5.224,11.106,1.357,0.477,140.742
32.047,74.429,44.888,7.752,11.673,2.374,3.266,153.239
33.235,85.447,41.752,7.708,4.348,1.912,1.283,145.908
20.384,77.659,56.87,7.049,11.603,1.309,1.296,144.106
27.419,50.732,73.047,5.738,6.236,0.594,2.553,140.039
19.846,76.474,46.432,7.909,9.318,0.56,3.194,137.141
29.428,66.794,73.666,7.296,5.399,1.003,0.885,157.099
22.781,86.346,58.39,7.022,10.54,1.119,1.552,156.708
29.21,81.308,55.357,5.669,10.735,2.626,3.279,159.211
30.359,49.686,36.855,6.539,11.827,2.8,0.854,125.809
31.067,51.026,28.146,7.468,11.94,0.745,3.854,118.709
19.832,48.132,67.597,7.581,4.607,2.663,2.161,133.117
33.572,67.196,53.699,6.684,9.264,2.096,2.72,158.263
21.914,48.635,45.721,6.568,6.184,1.597,0.546,114.666
18.636,77.566,65.598,7.093,5.005,2.691,4.304,151.07
27.432,69.856,40.529,6.585,5.19,2.113,4.102,135.307
24.306,82.615,64.181,6.253,11.491,1.825,1.017,162.653
32.106,57.591,41.398,5.256,9.469,0.903,3.051,131.377
31.74,68.361,71.044,5.378,4.404,0.987,3.61,158.19
23.391,50.287,38.398,7.281,11.874,2.588,0.724,122.152
34.199,84.807,31.878,5.074,10.462,0.916,2.683,147.734
22.946,52.875,59.905,5.157,6.473,0.478,3.857,131.126
26.756,49.606,33.142,7.714,7.767,1.039,2.379,111.4
22.351,54.227,72.468,7.112,9.813,1.553,4.172,148.986
33.913,81.28,57.778,5.013,9.408,1.317,0.406,157.781
20.798,49.762,36.543,5.936,7.705,2.646,4.153,115.767
18.763,72.649,35.441,7.29,8.099,1.405,4.402,127.626
25.397,78.578,71.194,6.253,4.346,2.534,0.871,165.659
34.87,78.799,55.393,6.406,8.005,1.827,2.053,162.405
33.159,53.553,69.687,6.376,6.722,1.658,2.869,147.735
30.726,47.773,30.511,5.606,6.28,0.784,4.041,110.766
33.143,65.196,71.27,7.164,6.157,1.05,0.886,151.982
33.189,54.112,51.002,5.309,9.192,2.481,1.636,131.937
26.821,76.467,58.421,6.522,7.434,2.272,3.631,154.466
23.371,61.051,43.644,5.51,7.406,1.474,1.963,121.898
31.124,65.221,27.957,5.14,5.273,2.582,2.801,126.661
29.248,50.107,72.899,5.43,11.695,2.366,2.608,154.576
24.352,70.54,74.73,7.608,5.791,0.669,4.385,157.937
19.606,53.349,43.227,5.528,7.249,1.854,0.809,114.077
30.695,75.554,72.193,5.835,5.522,2.317,4.278,170.403
22.462,48.203,33.386,5.414,9.625,2.34,2.626,115.029
33.926,88.915,32.734,7.207,7.489,0.619,4.088,145.057
22.096,75.804,28.656,6.336,7.309,0.939,0.707,117.694
20.087,53.178,44.563,7.831,11.001,1.391,2.958,122.002
32.129,45.634,27.615,6.993,10.076,1.004,3.812,114.893
20.606,60.051,44.733,6.594,8.159,0.661,3.584,123.251
21.048,51.877,31.92,6.97,7.749,1.909,0.243,108.018
28.19,54.829,61.526,5.121,11.679,1.618,2.144,148.055
32.868,84.274,66.668,7.852,11.652,0.772,0.696,167.436
21.339,72.144,59.391,7.869,9.638,1.807,0.857,144.974
23.276,52.941,35.025,5.828,10.081,0.549,3.237,111.458
31.216,70.05,63.342,6.885,11.193,1.319,4.313,158.508
34.521,56.51,37.475,5.606,11.714,2.302,2.927,132.218
26.513,88.929,62.974,6.642,4.658,2.536,0.64,159.106
20.446,46.474,53.37,7.312,11.979,0.989,1.249,124.856
18.237,77.954,43.336,7.819,9.624,2.463,1.829,136.841
21.904,79.785,29.175,6.018,8.742,2.54,0.739,127.498
20.241,48.022,66.375,7.081,7.305,1.857,3.846,133.819
29.52,52.734,71.983,7.149,6.691,2.757,1.036,147.843
20.071,62.294,58.296,5.663,10.434,0.991,0.757,134.438
26.608,84.067,73.227,6.887,9.235,0.566,3.32,169.642
29.802,69.165,71.706,6.966,5.606,2.424,0.745,159.088
27.879,74.489,34.73,7.292,8.879,1.578,1.964,128.946
21.396,80.236,61.561,8.0,5.129,1.231,2.417,151.189
31.67,82.266,42.465,5.121,7.975,0.533,0.545,141.484
30.162,66.433,49.376,5.607,8.668,0.555,2.59,139.093
30.563,67.896,32.848,5.435,9.085,0.618,2.265,124.202
20.228,77.31,73.739,5.463,5.162,0.841,3.074,154.899
20.104,56.85,61.307,6.363,4.765,2.729,1.142,132.812
33.769,83.452,38.345,7.636,6.07,1.075,1.734,146.084
24.759,45.935,43.574,6.346,8.856,2.361,3.037,116.755
23.116,53.81,46.124,7.005,11.453,0.447,0.353,123.918
26.306,81.009,62.377,6.129,10.233,1.172,0.698,160.429
29.269,60.312,71.285,5.959,9.966,2.575,1.419,154.064
34.246,51.742,41.072,7.503,6.642,0.844,0.657,124.285
22.87,53.404,48.625,6.967,4.894,1.082,0.37,114.2
33.722,68.884,54.66,6.053,11.136,2.384,4.446,153.935
18.423,83.078,44.667,7.742,8.007,0.691,2.16,138.34
27.438,48.179,50.209,6.496,4.804,0.528,2.495,124.68
28.778,46.372,30.285,5.565,8.28,2.718,1.296,109.112
19.8,65.933,33.384,6.45,9.403,1.372,0.233,123.863
20.386,88.028,45.055,7.024,6.559,1.979,3.428,145.455
25.125,57.555,70.747,6.101,4.074,0.705,3.312,140.273
34.426,88.163,42.468,7.531,8.973,0.928,4.382,160.604
28.133,84.946,37.49,6.599,4.321,1.504,0.291,133.914
33.861,57.741,62.143,6.403,7.462,2.02,0.789,147.684
31.674,81.763,72.457,7.576,10.598,1.104,3.262,172.6
25.945,75.864,47.956,6.389,11.991,2.523,1.619,143.366
31.341,68.032,25.43,6.243,6.962,2.275,0.474,124.297
18.303,64.031,59.407,5.311,4.161,1.724,1.494,131.16
19.855,81.698,45.753,6.087,7.943,1.502,0.577,141.514
32.1,80.689,58.682,6.191,6.21,1.887,3.802,157.901
31.546,79.062,38.886,5.542,11.142,2.156,3.971,143.684
21.955,89.922,25.12,6.763,9.692,0.724,2.939,130.628
27.023,66.533,42.225,5.432,7.235,2.446,1.858,139.139
28.302,81.312,60.24,5.671,10.096,1.575,3.506,163.217
32.752,83.812,44.656,6.683,6.73,2.645,2.916,154.231
28.253,54.522,35.959,5.807,8.174,2.693,3.606,124.405
25.014,46.893,48.2,6.919,11.382,0.474,2.397,122.381
24.361,63.214,62.617,7.072,5.601,1.323,4.321,150.981
25.24,83.553,30.972,5.904,6.504,1.663,1.447,132.442
29.083,58.01,59.588,5.262,11.085,1.695,2.798,145.947
32.747,76.5,58.367,6.468,7.695,2.374,3.675,162.351
25.716,45.331,43.537,5.279,6.543,0.739,4.044,113.061
22.213,60.991,73.517,6.546,4.298,1.894,4.271,146.447
22.023,72.698,69.735,7.179,7.352,2.662,1.899,154.623
30.682,50.839,40.808,6.861,8.005,2.792,3.207,129.084
31.882,85.347,26.555,6.345,7.251,0.424,1.448,130.954
19.79,52.032,40.415,7.838,6.22,2.734,2.992,115.817
19.132,85.941,35.236,5.305,6.953,0.693,0.992,128.546
28.105,54.738,52.363,7.64,9.14,1.689,2.012,130.952
20.485,89.743,70.937,7.4,11.13,0.991,4.157,169.152
32.019,72.214,68.517,6.259,9.197,1.855,3.687,166.222
23.276,48.796,40.291,5.459,9.169,0.489,2.335,110.41
20.446,47.937,46.43,5.468,10.535,0.972,0.831,119.667
33.656,48.371,26.827,7.765,5.321,1.121,1.914,111.906
20.814,71.545,52.208,5.701,6.409,2.597,0.796,137.147
22.84,81.431,28.168,7.622,4.405,1.801,0.495,123.716
20.611,63.133,71.93,6.51,6.797,2.1,4.098,147.028
19.963,65.018,68.347,6.385,11.991,2.022,2.313,148.531
18.36,71.518,35.709,6.859,6.634,1.341,0.584,120.665
18.942,68.987,59.968,5.645,10.878,0.434,3.282,141.078
20.969,75.963,53.401,6.285,4.686,0.657,0.519,136.718
18.907,66.23,65.068,7.815,7.678,1.501,1.904,140.98
28.049,77.124,48.783,5.715,6.812,2.659,1.19,145.977
29.572,89.879,34.589,7.765,5.613,0.997,0.908,142.621
24.692,60.763,56.992,7.983,6.98,2.076,2.494,135.003
23.406,45.55,29.014,5.156,9.21,2.384,3.295,106.674
26.577,50.653,54.229,6.594,7.922,2.576,2.295,128.174
32.875,69.908,35.635,5.515,10.755,1.104,3.729,133.016
32.469,60.492,59.247,6.865,11.24,2.635,4.145,151.962
18.739,87.299,66.402,7.969,7.855,1.859,3.671,168.58
21.085,73.235,30.476,7.691,11.854,1.62,4.313,130.856
22.025,68.416,45.013,7.775,4.576,2.268,4.195,135.777
22.24,80.912,61.676,5.64,6.211,0.973,3.78,154.009
27.711,56.637,33.185,6.627,7.334,2.35,1.458,119.118
25.076,81.888,53.326,5.704,8.662,1.96,0.95,151.797
18.837,45.138,58.592,7.698,8.367,2.318,3.326,124.879
24.351,72.885,42.74,5.573,8.544,2.454,3.836,138.992
26.904,87.064,66.599,5.462,11.17,1.882,3.739,173.458
19.728,80.454,50.533,5.036,6.221,0.488,2.968,140.816
32.169,83.414,56.35,5.546,10.535,1.115,3.768,166.043
18.883,62.863,32.044,5.569,8.464,2.507,3.241,117.125
33.722,82.091,26.158,5.232,7.924,1.905,3.061,141.275
19.685,69.787,27.537,7.603,6.395,2.536,0.4,114.386
32.341,72.834,70.196,7.34,6.433,1.323,2.18,167.985
33.345,47.651,69.132,5.763,7.108,1.611,0.346,144.597
34.653,54.07,65.38,7.35,10.108,2.47,0.597,150.002
31.634,69.793,34.981,6.266,7.814,2.229,2.526,131.055
31.251,47.646,51.273,7.327,5.231,1.306,0.404,123.853
28.922,78.365,64.806,5.969,10.079,0.454,4.127,160.16
31.243,82.803,58.733,6.694,9.307,2.513,2.136,163.106
20.287,86.416,30.776,6.145,11.594,2.287,3.21,133.04
27.113,49.58,69.777,5.563,8.235,1.478,0.836,143.899
26.742,87.287,33.034,6.757,9.235,1.711,3.845,142.863
32.579,48.043,33.59,7.252,7.835,0.89,2.256,117.129
25.868,66.333,70.05,7.259,9.446,1.389,2.603,152.505
24.547,82.811,49.231,6.069,7.489,0.792,2.988,144.299
28.873,48.164,43.645,6.556,5.103,0.905,2.522,113.632
22.53,45.82,52.683,7.291,11.893,2.431,2.622,131.909
20.376,46.123,74.07,5.163,9.763,1.27,3.401,135.74
26.124,68.007,30.982,5.216,8.869,2.355,3.668,122.991
25.087,81.522,62.847,6.129,7.851,1.537,1.517,160.018
21.954,50.734,41.716,5.67,9.691,0.57,4.165,119.118
24.248,50.607,30.852,6.124,5.014,1.268,1.722,106.088
24.229,70.585,46.097,5.281,6.609,0.78,1.371,132.66
23.567,55.543,52.438,6.776,4.998,2.065,1.539,129.573
24.451,77.86,35.298,7.015,5.008,2.587,1.742,131.25
29.658,87.734,45.263,7.376,4.171,2.231,1.563,145.479
23.047,79.472,56.784,6.952,10.047,2.268,3.828,156.232
34.131,84.473,53.822,6.189,5.818,2.468,2.613,161.243
33.578,68.381,61.158,7.805,10.656,2.264,4.361,164.182
26.175,82.454,66.82,7.179,11.235,1.765,0.561,161.116
23.582,53.231,45.457,6.583,5.349,2.114,2.84,119.875
27.102,48.076,46.148,5.621,9.671,1.398,0.613,122.652
32.426,74.518,49.835,6.947,7.682,0.57,2.173,145.122
29.094,47.338,53.318,6.775,11.352,2.093,1.846,127.336
31.675,85.162,30.416,7.05,7.875,2.132,3.127,142.689
27.056,76.12,40.632,7.343,7.031,0.937,3.405,140.169
28.76,87.849,33.595,7.745,6.357,2.689,1.224,141.411
22.899,59.125,44.293,7.847,11.229,0.526,1.033,127.488
30.493,66.877,73.668,6.891,5.809,2.166,2.004,160.8
21.441,78.376,54.137,7.898,10.622,2.724,1.241,148.972
29.812,55.925,46.469,7.734,5.553,1.142,3.109,130.151
32.632,69.383,53.297,5.008,9.147,2.59,2.426,153.479
20.246,74.676,58.454,6.913,7.609,2.383,3.756,145.311
28.444,89.046,46.748,5.535,4.837,2.186,4.419,154.859
19.617,78.512,47.385,5.886,5.007,2.689,1.826,133.381
30.337,50.316,60.07,5.893,6.252,1.97,4.122,137.047
19.436,66.39,28.043,6.449,10.133,1.588,3.542,120.498
33.911,71.495,52.004,5.033,9.832,2.022,0.841,146.768
20.336,51.598,52.366,5.707,5.641,1.388,3.794,122.329
34.301,64.438,62.838,5.087,7.81,1.18,2.27,158.381
31.615,57.78,74.132,6.952,4.776,0.597,3.249,155.649
28.093,50.347,64.788,7.668,9.728,1.307,3.221,141.243
31.305,68.042,50.189,7.993,10.346,2.328,4.01,148.318
31.517,52.453,33.473,6.346,11.148,2.669,3.473,124.833
34.082,71.574,54.413,5.78,11.086,2.74,3.746,160.989
22.308,52.636,66.715,7.559,6.703,0.896,1.58,133.35
28.031,77.562,71.621,5.339,6.036,1.771,4.384,162.102
19.616,53.786,66.266,7.923,11.173,1.782,3.045,142.753
28.475,85.333,34.448,7.145,5.168,0.823,3.527,134.685
20.912,46.179,60.629,6.512,4.475,1.796,3.893,124.103
27.604,68.49,69.008,5.29,6.514,1.271,0.732,151.401
27.731,59.405,59.051,5.055,10.082,2.662,1.647,143.342
25.922,55.128,59.288,6.634,9.554,1.012,3.795,136.108
26.885,66.222,50.008,6.242,11.896,2.404,4.165,145.841
30.987,82.891,56.849,7.528,6.876,2.552,3.451,162.85
31.587,86.187,39.719,6.927,6.207,2.166,2.274,146.155
26.367,58.646,29.441,6.296,7.026,0.915,1.28,117.276
28.193,51.941,66.386,5.678,10.258,1.025,2.458,144.467
33.831,77.406,72.157,6.441,5.714,2.731,1.908,166.776
20.035,71.19,67.841,5.489,11.582,0.582,4.008,157.131
19.991,54.046,41.696,7.001,8.1,0.681,2.639,115.219
19.491,79.213,29.677,6.817,10.265,2.749,1.886,128.431
29.184,68.352,39.007,7.43,10.618,2.265,2.343,135.863
25.116,74.403,67.142,6.349,7.831,2.191,4.214,160.521
31.163,61.17,57.791,5.836,9.931,0.784,2.837,144.554
29.411,64.759,73.335,7.509,6.918,1.573,1.185,155.654
23.672,53.115,42.134,7.073,10.487,2.418,2.35,123.446
33.272,79.043,52.574,7.12,10.591,1.189,2.202,155.971
30.963,52.066,64.502,6.584,8.53,0.863,1.535,145.117
22.599,80.024,36.7,7.628,5.745,0.426,3.366,128.618
24.191,80.91,73.204,5.683,11.762,1.894,1.354,167.016
23.345,78.597,54.62,6.205,11.576,1.105,2.318,150.187
20.679,45.874,25.395,7.389,8.959,2.473,2.097,100.992
20.512,57.291,26.258,5.399,11.871,1.08,2.208,111.856
33.914,66.075,69.111,7.424,8.022,0.764,2.637,155.949
25.444,71.799,57.264,6.058,7.004,2.705,3.138,149.568
24.516,86.365,63.154,5.377,7.684,2.715,0.815,156.77
30.405,61.902,64.201,5.237,4.367,2.044,1.44,144.303
27.401,84.376,46.023,7.529,8.393,2.628,3.523,148.799
33.914,52.354,64.931,7.336,9.33,0.788,4.103,148.701
31.265,61.708,71.877,5.864,4.876,1.505,0.392,149.835
26.149,47.353,33.609,5.349,6.045,0.89,0.515,110.127
24.398,78.412,63.207,5.742,9.769,1.549,4.215,159.059
34.773,51.779,40.39,5.639,10.349,2.299,0.836,129.788
30.202,56.566,41.075,7.199,11.887,2.428,4.411,132.138
34.17,79.885,45.638,5.647,6.026,0.41,3.761,150.556
20.014,69.062,68.186,5.648,10.732,1.335,0.719,152.708
32.459,45.629,26.103,5.097,5.377,2.786,0.641,108.713
28.83,45.101,46.696,6.791,5.047,1.814,4.402,119.594
20.073,67.98,59.002,7.067,9.834,1.111,1.296,139.764
28.0,58.723,30.521,6.96,7.567,1.334,2.516,118.616
29.664,53.114,64.613,6.706,10.351,1.174,1.216,142.445
18.209,72.612,72.095,7.898,6.261,1.474,2.783,158.724
25.723,55.28,29.547,6.418,5.706,1.467,3.812,111.511
32.032,71.649,32.647,7.58,8.39,1.616,3.025,134.683
23.021,62.067,73.705,6.938,4.922,1.515,0.4,144.783
25.795,53.404,34.893,5.252,6.23,1.639,2.759,115.18
25.519,51.215,28.947,7.43,5.33,0.467,3.042,110.687
23.133,55.659,72.61,6.753,6.56,0.531,1.064,142.025
33.614,46.342,69.631,6.961,10.124,1.291,3.477,148.769
31.282,58.866,57.786,5.541,4.966,2.524,2.896,139.416
19.88,85.588,52.572,6.312,8.895,2.298,0.241,150.158
34.95,82.411,70.962,7.642,8.678,0.664,4.287,175.594
32.946,61.74,57.776,5.646,8.305,1.588,2.116,146.036
22.826,70.913,57.92,5.0,7.874,1.851,1.199,136.668
32.227,70.531,67.184,5.773,9.311,1.555,0.571,158.454
19.809,82.293,57.662,6.463,10.814,2.074,1.81,151.066
34.985,55.633,50.184,7.464,5.296,2.793,1.523,132.843
29.317,58.337,44.486,6.93,10.513,0.632,1.481,133.417
29.052,58.58,50.157,7.757,4.492,1.637,3.611,132.901
19.537,46.839,51.124,6.367,7.857,1.63,2.977,124.457
33.25,59.161,43.042,6.172,8.092,1.75,0.772,135.592
18.493,84.506,47.406,5.694,5.581,0.801,3.245,137.052
22.094,86.039,65.094,5.654,4.717,1.932,3.311,161.596
20.431,49.934,45.826,7.208,4.599,0.506,2.411,117.854
31.205,65.613,26.278,5.241,4.298,2.179,4.482,120.631
21.369,62.161,39.151,5.728,8.589,1.992,1.419,119.0
33.481,67.021,36.587,7.658,5.244,1.193,0.451,124.41
29.157,69.962,64.679,6.731,10.47,2.774,0.324,157.609
18.615,45.912,47.465,5.14,11.192,2.389,1.578,114.667
18.092,82.901,39.016,7.113,6.339,1.695,2.341,133.473
18.878,88.815,65.535,6.52,5.316,2.777,0.536,155.344
28.301,74.403,25.961,7.564,7.277,2.392,2.633,125.705
31.625,74.72,33.713,7.047,11.053,0.731,4.074,138.014
22.055,68.759,66.348,5.013,7.199,1.819,3.627,145.832
32.44,60.042,52.533,5.617,4.867,1.794,3.092,137.51
18.973,51.704,63.682,5.774,11.877,1.967,3.045,134.631
31.616,71.283,66.909,7.107,7.997,2.658,3.34,162.701
33.773,47.022,72.098,6.528,6.739,1.581,2.325,148.003
31.126,82.103,28.171,7.242,11.149,0.586,1.928,134.664
29.868,63.941,64.962,6.539,11.419,1.55,1.519,156.403
32.246,63.664,60.438,5.982,7.974,2.291,0.628,148.202
18.683,59.723,35.351,5.311,6.454,1.261,2.617,116.296
21.43,88.621,71.585,5.608,7.861,0.465,2.232,164.738
20.124,52.871,45.21,6.202,5.754,1.128,0.711,114.724
26.577,51.809,69.381,6.654,7.826,2.037,1.354,141.839
30.668,52.449,55.256,7.816,5.835,0.606,3.585,136.791
28.71,74.634,51.337,5.719,8.978,1.302,1.299,146.0
32.469,89.635,32.976,6.998,10.079,0.72,2.031,149.005
20.639,55.596,70.716,5.458,11.755,1.542,0.894,147.074
30.489,85.753,52.833,7.141,10.741,0.74,0.93,155.926
21.282,57.538,25.305,5.034,4.689,0.662,3.452,105.172
22.603,74.155,25.914,6.968,5.692,2.075,0.487,119.189
30.068,46.822,63.882,5.49,8.254,0.779,1.426,137.469
34.663,67.304,33.097,5.541,6.061,0.772,4.418,130.423
28.396,74.456,54.937,6.677,4.115,1.822,2.246,145.324
18.927,69.134,59.054,6.126,10.038,0.505,2.807,139.716
28.477,55.703,38.968,6.414,6.862,0.479,2.955,120.233
18.72,82.282,53.466,5.927,4.529,1.435,1.043,137.907
33.03,88.656,37.013,7.86,8.071,1.276,1.788,148.869
30.063,65.664,72.316,5.872,11.818,1.707,1.923,159.644
20.943,73.616,68.009,6.626,9.428,2.784,1.192,155.547
19.559,80.569,39.402,7.563,5.27,1.443,1.206,130.294
21.12,55.867,51.441,6.993,8.114,1.783,2.814,128.78
34.66,83.9,50.032,5.968,11.214,2.606,0.666,159.321
25.796,57.609,73.001,6.657,4.434,1.56,0.755,145.115
31.329,79.912,44.701,5.249,9.103,2.275,2.665,148.736
28.819,50.044,53.111,6.637,9.77,1.717,2.132,134.93
27.731,57.977,71.435,6.294,9.632,1.929,2.831,151.845
20.467,69.013,33.141,7.274,5.201,2.638,0.316,119.267
34.082,68.621,52.524,7.544,11.258,0.402,3.231,148.238
23.123,83.269,30.284,5.599,6.578,2.562,3.855,134.213
27.826,89.826,55.875,5.245,4.414,1.594,2.454,155.274
29.896,49.824,43.284,6.172,4.666,1.856,3.816,120.828
29.037,57.212,73.382,6.602,7.661,1.48,1.919,149.079
33.99,61.092,45.77,6.13,4.32,1.026,0.539,128.523
20.523,66.551,31.809,6.886,10.236,0.558,1.823,117.433
26.642,67.226,66.7,6.517,10.927,2.668,2.119,159.954
24.869,83.529,66.043,7.81,4.107,1.897,3.922,159.431
26.061,79.675,59.743,6.228,10.48,2.496,1.639,151.966
20.027,45.848,62.441,5.247,11.85,1.098,1.555,130.045
20.28,65.476,38.236,5.906,4.243,1.067,4.018,117.164
22.727,72.813,57.103,6.818,9.8,1.206,1.279,147.149
23.18,65.718,26.901,5.768,11.993,0.954,2.963,118.182
25.274,50.879,34.845,5.807,10.377,1.595,1.605,114.374
28.387,62.886,71.614,6.019,8.043,2.647,4.291,161.129
28.789,63.525,61.962,7.238,11.079,2.503,1.015,152.425
25.001,53.447,36.534,7.82,9.663,1.588,3.313,117.282
24.949,79.034,30.569,6.051,6.34,1.237,2.565,125.375
21.7,59.463,72.446,5.586,5.795,1.868,4.408,142.683
28.001,71.504,30.609,6.262,8.1,1.869,4.474,136.836
23.39,68.208,37.854,6.056,6.984,2.041,3.613,125.673
18.613,84.484,34.132,7.97,6.636,1.685,0.645,131.944
25.113,50.491,25.373,6.392,5.423,0.464,2.217,100.717
26.06,50.142,40.707,7.038,10.762,0.583,3.874,119.405
21.835,58.514,73.709,7.741,9.64,2.737,2.945,152.026
27.732,64.405,42.095,6.887,6.651,2.191,3.98,132.464
27.618,58.434,50.215,5.748,5.901,2.676,3.637,136.444
29.934,79.343,62.297,6.822,5.025,1.215,1.546,158.371
29.015,56.037,52.554,6.206,4.9,1.684,1.039,129.541
29.091,48.815,62.18,6.267,9.004,1.173,1.587,133.748
23.376,63.621,58.082,7.938,4.871,2.581,3.193,137.317
31.386,79.802,55.428,5.836,11.682,1.091,2.269,152.783
27.335,83.275,57.482,6.407,6.233,2.065,0.389,152.967
25.334,78.001,64.958,5.48,4.206,0.82,3.393,153.292
28.642,70.105,60.51,5.536,10.843,0.653,0.392,146.827
24.131,77.589,64.589,6.81,6.941,0.774,1.96,150.114
26.717,75.663,32.28,7.253,6.744,1.671,2.188,129.959
30.524,55.546,58.884,6.909,4.949,2.427,2.363,138.478
33.069,69.784,61.851,5.988,9.283,2.798,0.798,156.303
33.658,79.677,39.998,5.179,6.87,1.894,3.415,144.847
26.562,59.27,68.729,6.411,10.584,1.681,3.852,152.962
26.845,74.429,40.236,6.513,9.045,2.289,3.201,137.809
31.598,66.667,37.192,7.312,11.039,0.553,4.29,135.451
23.346,67.642,68.355,6.921,8.98,2.343,1.307,147.292
32.236,49.052,37.351,7.614,10.234,2.22,0.891,122.971
26.4,74.98,45.775,7.349,9.572,1.671,0.489,140.99
19.97,83.956,43.396,6.098,7.701,0.455,3.303,137.874
19.225,51.364,69.903,6.897,9.509,0.885,0.897,140.882
32.314,61.475,47.762,7.242,9.309,1.287,4.234,141.914
18.945,47.19,59.715,7.871,4.054,2.659,2.773,124.608
22.77,46.333,64.702,6.267,9.589,1.932,3.658,137.055
23.68,89.535,56.395,6.945,6.097,1.624,2.069,160.589
20.941,67.206,72.185,6.178,8.335,1.572,3.36,153.376
23.336,60.998,65.125,7.213,4.891,2.272,2.108,136.472
30.626,57.369,45.01,7.736,4.184,1.177,2.517,129.633
18.25,89.101,72.541,7.758,4.121,0.627,3.526,159.75
32.062,56.351,51.229,5.471,5.266,2.025,1.224,128.682
32.561,77.657,26.129,5.612,4.159,1.19,4.003,133.992
24.328,57.769,38.001,7.265,5.059,1.181,3.28,122.612
20.611,48.172,56.086,6.893,8.473,1.491,3.41,124.478
28.214,75.747,32.841,7.715,7.202,0.983,1.224,128.275
20.034,45.073,54.203,5.941,11.846,2.612,0.588,123.875
24.204,75.409,43.08,7.544,10.47,2.433,0.513,136.74
34.293,56.267,51.719,7.051,5.174,2.779,2.982,139.347
34.923,78.575,25.094,5.586,7.334,2.715,0.845,131.408
31.126,79.639,67.421,5.379,7.448,1.155,4.497,165.19
23.286,77.585,43.096,7.108,6.897,1.313,4.333,135.31
29.69,46.102,32.008,5.475,7.965,2.076,0.325,112.384
29.992,76.668,46.896,7.383,9.359,0.438,3.318,150.302
24.593,89.557,49.309,6.671,9.127,2.785,1.321,153.59
28.895,55.918,56.87,6.431,6.857,0.426,1.666,135.012
18.182,57.341,51.228,5.827,9.64,1.676,1.233,126.933
21.554,81.609,27.176,7.952,6.316,2.005,3.771,127.681
26.927,52.218,68.576,7.167,10.684,2.594,4.043,153.965
20.784,74.726,47.825,7.334,11.715,1.946,0.374,136.063
20.82,78.976,28.849,7.306,6.358,1.833,1.361,125.422
32.217,46.672,63.641,6.752,10.278,1.121,2.129,141.506
34.815,69.919,58.008,7.819,10.507,1.818,2.444,155.262
27.451,70.914,57.472,6.751,7.926,2.199,0.577,152.84
32.264,58.655,46.346,6.56,4.702,1.637,3.769,139.742
34.835,84.436,45.525,5.821,10.289,2.271,4.216,158.927
20.407,52.324,51.817,5.845,7.26,0.567,1.932,122.519
25.62,61.389,27.53,7.211,5.665,1.205,3.886,114.262
24.674,83.19,39.948,6.004,9.013,2.704,3.108,142.541
19.361,53.579,74.395,7.186,7.496,1.176,2.744,139.338
30.841,81.962,58.11,7.858,4.701,1.892,3.722,156.106
25.374,48.558,45.947,6.318,11.869,1.648,2.234,129.433
25.979,67.015,36.118,5.292,5.957,2.648,2.555,126.144
20.561,48.39,62.26,7.0,8.088,0.791,1.381,128.418
21.076,75.506,38.015,5.029,9.338,1.119,3.262,128.784
33.421,80.577,33.119,7.361,4.921,2.47,0.884,138.728
18.759,83.244,32.726,6.577,9.915,1.999,1.246,126.613
21.958,89.157,61.463,6.469,9.186,1.703,2.264,158.432
22.965,75.241,57.141,6.708,7.95,1.348,1.857,143.159
26.333,79.608,28.49,6.549,8.227,1.387,1.23,132.079
27.97,67.759,30.752,5.971,11.638,2.644,1.025,123.962
26.386,86.073,56.692,5.845,11.287,2.011,3.902,159.176
19.43,73.969,53.556,6.246,4.896,2.63,2.741,133.841
22.142,84.76,59.3,7.685,6.95,2.733,1.823,153.172
32.341,55.595,33.902,5.406,8.134,1.713,3.837,123.179
28.839,67.353,61.329,5.974,11.36,1.864,3.748,157.151
29.036,77.842,71.805,5.577,10.533,1.975,0.677,165.845
29.393,54.122,55.053,6.281,7.092,2.414,2.639,135.79
30.969,54.51,34.807,5.4,11.09,1.982,1.514,124.286
18.988,89.012,58.977,7.282,7.025,0.675,2.526,151.887
24.232,64.557,42.154,5.31,6.17,2.662,3.287,134.829
27.172,53.182,27.464,6.996,8.879,1.986,0.237,109.406
23.754,59.916,40.117,5.803,6.847,2.488,2.408,124.224
32.356,62.882,70.279,6.417,8.979,1.419,1.454,158.946
26.204,73.039,45.557,5.6,7.277,1.539,2.496,136.417
31.067,86.536,68.233,7.191,10.366,2.053,0.672,172.793
32.484,89.397,50.433,7.845,11.634,2.263,3.716,165.341
26.581,74.326,50.849,5.665,6.162,0.588,2.538,141.877
33.462,76.497,25.261,7.859,8.08,1.378,1.108,131.259
27.981,59.482,56.855,5.976,9.795,2.248,3.51,143.363
32.455,83.572,30.391,6.674,5.268,2.781,0.362,134.171
23.79,54.801,48.937,7.105,10.367,0.428,2.749,132.797
26.48,49.787,38.016,5.598,8.664,1.036,2.358,117.761
27.034,88.797,44.619,6.334,5.198,1.516,0.37,141.22
19.785,83.886,51.854,5.203,10.946,0.935,1.274,144.642
24.775,58.664,25.723,7.091,7.414,0.465,0.532,104.18
33.595,75.383,39.229,6.25,5.413,1.695,3.349,142.97
28.724,66.016,74.481,7.675,5.563,1.959,3.235,159.505
21.018,59.541,27.87,5.822,10.284,1.399,0.584,110.25
23.761,57.905,40.97,7.771,11.486,1.288,0.67,122.127
21.257,51.121,41.071,5.423,7.026,2.765,3.985,116.817
18.422,69.719,43.969,6.821,4.631,1.546,1.064,126.121
33.767,65.097,59.239,5.923,4.807,2.315,1.506,150.767
25.62,68.048,37.387,5.545,9.236,1.089,3.142,131.338
23.228,54.691,48.013,5.282,6.966,2.392,0.461,119.015
28.174,87.237,57.243,6.967,7.409,2.377,4.275,162.631
18.124,73.737,41.116,5.7,6.696,1.042,0.299,124.688
22.726,85.482,72.439,6.718,7.724,1.974,3.851,166.388
29.952,49.917,73.984,7.938,9.148,2.037,1.752,146.713
28.774,73.028,30.984,5.948,8.329,1.462,0.845,124.629
34.691,83.226,42.191,5.105,5.314,2.257,1.823,151.993
28.546,59.891,35.399,5.428,7.93,1.137,4.383,121.763
26.118,53.781,34.339,5.358,7.685,1.562,2.475,115.784
30.944,56.926,49.549,6.39,8.366,2.776,0.455,134.697
33.357,57.282,53.191,7.234,4.885,0.829,4.249,138.858
30.252,65.124,46.283,5.889,5.228,0.755,0.817,131.234
34.375,59.668,38.628,5.438,8.242,0.741,0.435,129.777
31.294,57.207,38.931,6.922,6.203,2.795,0.395,125.529
32.736,74.183,74.606,5.904,9.032,0.784,3.753,168.408
19.94,47.386,71.184,6.726,6.982,0.857,0.858,132.654
30.451,60.316,28.795,7.801,5.766,2.067,0.97,115.301
25.482,76.039,57.828,5.874,9.251,2.223,4.26,155.26
27.403,52.913,47.844,6.537,7.151,1.665,2.83,126.077
29.12,54.942,59.441,7.42,5.261,2.758,1.427,137.28
34.487,54.03,54.848,7.075,10.47,0.493,2.722,143.373
34.738,45.042,69.463,7.254,7.454,1.89,1.245,144.422
22.9,66.32,28.349,7.318,11.321,1.856,2.325,120.57
30.474,46.753,42.48,6.62,5.547,1.171,1.639,121.463
30.75,57.282,74.275,6.608,11.011,2.559,2.877,157.381
23.89,89.766,34.114,7.157,10.527,1.727,3.463,144.87
20.106,86.328,31.367,7.093,4.831,0.991,1.699,129.852
18.696,54.678,61.449,7.01,8.253,0.612,0.819,132.569
31.215,58.95,63.872,6.146,9.229,0.657,1.73,152.714
26.325,65.867,58.614,7.486,7.964,2.554,3.46,146.125
34.754,82.999,63.81,5.709,7.122,1.001,3.584,165.435
25.905,81.119,59.686,5.467,11.551,2.577,3.578,163.109
34.625,50.681,31.789,6.035,9.607,0.688,4.391,124.481
24.997,50.6,55.411,5.761,11.727,2.761,3.747,134.268
31.493,63.753,63.844,6.99,10.77,2.4,4.365,159.305
19.442,84.154,68.276,5.693,10.537,0.679,2.895,166.871
27.443,84.694,37.312,6.969,9.805,0.607,1.186,141.256
31.635,49.831,31.372,6.54,9.169,2.328,2.815,121.291
33.72,70.843,64.055,5.457,11.095,0.587,1.051,162.362
31.984,52.005,37.827,5.775,8.907,1.029,0.567,127.257
18.629,75.876,26.596,6.565,4.602,2.323,1.496,116.749
24.336,86.239,66.261,7.199,8.661,2.578,1.76,168.071
18.828,65.465,50.3,6.195,4.823,2.242,3.248,127.808
19.858,48.739,41.332,5.698,11.594,2.536,1.761,116.458
29.48,71.066,25.571,5.885,9.173,1.744,0.214,122.083
30.125,63.383,26.766,5.285,8.445,2.271,4.143,118.689
31.153,81.49,64.631,5.075,5.583,1.226,2.734,157.573
32.713,60.316,49.485,7.919,8.126,2.285,1.106,140.806
30.57,84.37,32.486,5.289,6.74,2.031,1.285,139.183
31.615,57.317,42.925,5.375,9.403,1.78,0.734,127.297
18.832,52.088,33.265,7.613,8.835,2.782,4.098,116.838
21.987,58.792,30.644,6.991,7.994,1.527,1.19,109.519
28.572,46.571,38.815,6.308,6.022,1.886,4.245,118.525
32.588,57.656,52.475,6.947,8.206,1.624,1.337,137.928
18.077,74.705,35.5,7.805,7.694,1.025,3.637,126.273
26.749,51.403,42.184,5.298,10.81,1.193,0.245,122.896
29.514,50.011,48.897,5.731,11.155,2.749,2.278,134.414
18.503,50.957,46.001,7.581,10.074,1.341,1.788,120.353
24.823,48.49,31.431,7.342,6.557,2.031,1.639,109.831
33.226,84.359,26.943,7.983,4.305,1.761,4.466,135.369
29.417,87.485,26.773,5.942,11.403,2.536,3.3,144.977
22.04,47.095,42.509,7.835,11.936,2.218,1.3,116.138
32.497,79.203,60.94,6.031,5.016,0.594,3.435,157.92
23.917,78.172,31.563,7.145,9.485,1.253,0.757,128.028
32.507,89.861,64.349,7.648,7.401,2.109,4.181,175.315
23.082,60.654,60.784,5.512,5.188,0.787,2.033,133.963
28.035,57.848,25.197,5.617,11.985,1.608,1.02,115.017
24.748,65.389,26.337,6.743,11.466,1.163,1.373,122.665
22.672,83.546,34.752,7.531,11.861,0.555,0.867,132.375
33.071,77.787,27.806,5.237,5.151,2.793,4.201,134.764
21.189,66.223,51.567,7.553,7.935,2.63,1.515,132.918
19.442,56.005,26.981,6.029,11.166,2.194,0.814,109.607
23.813,77.716,65.132,6.219,9.401,0.882,3.695,155.614
30.2,83.454,49.648,6.02,7.477,2.772,1.117,152.863
31.726,62.998,61.398,7.734,8.134,1.914,0.605,145.764
34.979,75.086,62.535,5.392,4.309,2.719,3.074,163.599
23.038,63.01,50.338,6.723,8.892,0.502,0.232,130.288
24.935,66.532,71.268,5.444,10.878,0.816,3.779,156.73
20.326,68.621,74.512,7.786,4.022,2.025,2.62,154.019
27.773,79.908,42.961,7.394,5.28,2.577,1.261,138.355
34.959,88.988,31.293,5.701,8.144,0.822,2.236,143.613
29.915,64.996,43.162,5.893,8.488,1.161,1.328,133.637
28.119,60.404,36.168,6.145,6.747,1.812,2.491,119.154
24.67,61.812,51.55,6.216,4.223,2.799,2.658,128.949
33.56,51.025,43.919,7.452,9.949,2.319,3.518,131.546
26.448,58.362,49.022,6.694,5.943,2.617,2.204,128.475
20.284,48.89,63.159,6.284,9.157,2.02,3.583,132.927
24.211,64.255,38.701,7.158,8.473,2.506,0.498,127.012
19.142,52.531,51.874,6.374,7.447,1.617,4.162,126.741
21.434,60.588,41.758,5.385,8.722,0.698,0.998,124.788
18.3,80.711,64.248,5.322,9.56,2.103,3.797,155.229
25.706,56.067,56.977,5.978,8.578,1.844,2.327,136.797
28.787,72.535,25.425,6.809,8.46,1.565,0.65,123.567
23.836,85.553,58.003,5.405,7.489,1.06,1.747,153.931
25.146,70.512,33.508,6.65,7.44,2.282,4.149,130.238
34.307,53.721,61.224,5.809,7.928,2.369,3.789,149.87
30.783,60.514,53.367,7.086,7.617,1.274,3.306,143.581
27.195,71.567,45.074,5.085,7.512,2.627,1.833,139.435
22.837,67.798,59.703,6.407,5.683,1.287,2.732,145.316
33.249,51.688,67.83,5.157,9.799,0.658,1.198,146.588
21.997,65.106,63.937,5.992,5.064,0.8,2.986,139.548
23.531,69.438,52.269,5.047,11.27,1.587,1.322,139.326
33.454,57.03,61.135,6.407,8.999,0.592,3.765,147.586
27.002,72.56,45.696,7.301,4.391,2.124,3.229,135.8
30.619,48.157,64.451,5.301,9.272,2.308,1.86,140.098
28.043,60.147,66.453,7.206,6.892,1.719,3.036,145.926
29.108,81.192,31.865,6.753,11.438,2.544,1.598,141.049
23.09,56.668,36.902,6.514,11.489,2.69,0.869,121.825
22.103,72.233,38.499,6.798,10.767,1.474,1.211,125.999
23.482,63.451,33.304,6.008,8.543,0.614,1.368,116.216
20.643,59.241,44.627,7.131,11.353,0.955,1.174,129.437
32.863,86.226,34.652,7.339,9.198,1.978,3.117,150.111
22.815,60.447,54.777,7.335,11.001,1.374,3.381,139.748
27.545,55.65,30.081,5.808,5.28,2.044,2.166,111.631
31.464,85.919,38.496,6.962,11.233,2.0,4.448,153.955
31.325,78.567,58.276,5.444,9.293,1.853,4.031,160.433
25.453,75.681,44.927,6.486,6.426,0.779,0.574,133.231
26.096,47.229,46.073,5.008,11.983,1.086,2.18,121.879
34.91,50.904,64.896,5.581,9.495,1.307,4.106,148.032
29.468,73.725,74.226,6.895,11.267,2.379,1.147,164.657
31.849,54.424,53.253,7.623,4.045,2.037,1.827,131.131
33.343,55.154,28.953,5.147,8.419,1.948,4.272,121.372
31.389,80.061,30.145,6.676,9.7,2.013,3.537,137.734
21.148,57.867,73.425,6.91,4.11,1.608,3.779,143.78
27.557,48.221,58.962,7.797,10.1,0.495,3.982,132.553
19.732,46.639,62.623,6.965,9.212,0.883,0.936,129.244
29.1,64.943,58.788,5.309,6.198,0.737,3.207,149.204
34.241,72.771,33.981,5.44,9.512,0.554,3.652,140.126
26.716,84.1,47.418,6.907,5.047,1.167,1.174,147.287
25.361,49.986,64.904,5.647,10.592,2.291,0.386,139.856
18.609,53.85,68.318,7.785,10.93,0.676,0.967,138.28
34.316,68.841,36.867,7.762,7.884,0.667,3.388,137.197
19.751,61.385,54.798,7.846,8.06,0.698,3.185,130.74
18.698,66.714,32.855,5.879,7.216,1.048,4.034,119.464
22.183,86.586,72.914,7.151,6.763,0.885,1.563,165.818
19.114,69.52,37.61,6.989,10.983,0.434,2.873,124.643
25.737,63.68,61.332,5.107,6.439,1.064,0.315,140.815
26.773,89.525,36.556,5.797,7.223,2.791,4.221,144.802
23.314,47.935,55.803,5.62,6.399,1.208,2.584,123.268
18.866,86.945,57.963,6.112,9.254,0.907,3.418,155.175
19.897,67.575,41.421,7.859,10.514,1.59,1.42,129.389
24.537,67.669,65.942,7.537,5.315,0.95,0.552,144.868
19.029,86.488,69.269,5.88,6.038,1.743,0.47,156.133
29.869,67.83,67.753,6.59,4.833,1.362,3.703,155.286
21.519,64.728,41.54,5.577,5.281,2.552,0.853,117.932
23.135,57.262,62.217,5.832,7.255,2.627,3.743,138.609
24.7,74.647,52.975,5.195,10.207,2.111,1.341,142.434
25.082,70.634,54.631,6.928,8.333,0.918,2.527,143.474
18.028,54.646,48.871,6.971,4.426,1.537,1.326,120.073
19.905,76.924,55.013,7.516,9.001,1.133,0.415,143.618
32.667,73.984,31.783,7.615,10.362,2.316,2.532,137.259
18.021,62.88,45.442,5.48,7.148,0.47,1.779,119.158
26.639,45.198,33.884,7.229,5.96,1.99,2.071,107.601
26.322,65.096,39.005,5.404,10.112,1.176,2.787,134.514
23.663,45.273,31.391,6.121,4.191,1.554,1.549,101.595
25.333,48.375,35.625,6.547,10.525,1.175,2.624,115.593
31.27,64.377,64.096,5.148,10.434,1.275,3.028,148.803
32.3,48.686,52.492,5.47,11.104,2.018,0.585,130.937
22.426,57.405,26.182,5.813,4.716,1.829,1.705,105.371
23.482,74.497,64.426,5.383,4.862,0.986,0.587,145.209
22.122,58.888,70.473,7.802,10.982,0.505,0.23,145.367
26.158,89.894,69.021,5.865,7.802,2.454,0.42,168.424
29.615,86.234,66.151,6.504,7.139,1.582,2.747,169.001
21.88,71.339,74.611,7.99,8.586,1.885,0.563,152.424
23.623,88.513,54.32,6.7,4.469,1.572,3.935,150.483
33.817,84.061,73.129,6.234,9.15,1.885,3.466,177.959
18.826,59.35,72.442,7.789,11.561,1.905,0.238,144.83
25.833,78.732,40.662,5.667,9.406,0.436,2.665,137.524
30.096,51.157,68.172,5.539,7.716,1.68,0.244,142.595
20.558,75.805,64.624,6.606,11.687,1.605,0.67,150.867
18.805,67.099,63.79,6.282,9.508,0.63,4.449,145.509
20.349,45.757,69.814,7.391,4.456,2.19,2.165,133.448
33.62,57.34,44.21,5.126,9.36,0.966,0.317,131.128
18.157,87.992,45.003,6.853,4.478,0.531,3.856,140.867
21.201,59.212,57.003,7.132,6.458,2.328,4.145,130.609
18.532,53.165,61.89,7.916,8.925,2.476,2.558,133.005
19.881,53.439,68.987,5.437,5.725,0.978,3.236,138.063
28.543,66.565,68.792,5.739,4.306,2.05,3.555,151.255
22.108,82.919,61.067,7.797,8.944,0.412,3.359,153.293
27.677,79.11,72.845,6.892,6.287,2.131,2.326,165.581
28.033,64.658,33.931,5.114,8.264,1.516,3.781,126.379
32.44,54.393,72.517,5.232,6.089,2.302,2.468,150.505
18.081,47.073,28.21,7.356,9.491,1.343,1.316,104.684
32.507,65.818,52.781,6.702,11.166,1.243,0.217,146.32
28.525,81.665,29.51,6.696,4.693,2.418,1.742,129.731
20.767,77.836,53.4,7.64,10.291,0.493,0.555,139.442
31.14,63.387,44.505,5.723,5.249,0.849,0.472,130.881
32.543,71.762,29.08,5.481,6.635,1.389,2.218,126.115
22.322,64.631,57.406,6.841,6.859,1.831,4.258,146.163
33.619,71.056,61.56,7.647,5.65,0.412,0.654,153.284
25.726,68.288,33.709,5.796,4.602,1.78,1.377,122.948
28.258,75.643,59.722,7.044,10.148,1.308,3.769,158.119
34.739,67.847,33.952,5.457,10.349,1.912,1.928,138.11
24.146,87.327,31.87,5.516,11.975,2.577,3.463,135.871
31.824,64.261,32.368,7.705,11.477,1.458,2.532,128.289
23.413,45.716,54.954,5.354,7.477,1.731,2.797,127.063
31.587,55.637,63.94,5.073,5.067,1.511,0.893,144.978
28.212,67.527,54.845,7.325,4.086,0.684,1.715,136.364
21.678,69.326,65.468,6.088,8.252,2.303,2.874,145.331
25.038,69.857,54.574,6.19,10.885,2.524,0.315,144.904
23.4,77.155,64.866,7.4,6.143,2.348,1.01,154.541
19.328,57.359,73.826,5.54,5.592,2.674,1.862,143.124
18.507,74.921,44.548,6.951,7.512,1.523,3.101,133.065
23.89,76.681,32.497,5.941,11.148,1.966,2.391,127.526
18.324,63.508,31.77,5.313,7.613,0.804,3.291,112.21
20.813,63.098,54.874,7.062,9.782,2.744,3.326,138.776
30.328,53.052,52.355,5.956,7.7,1.793,0.334,130.326
30.038,63.629,34.212,7.6,6.984,1.028,4.077,122.916
30.556,80.407,69.105,7.757,7.527,2.333,3.744,171.344
23.392,85.904,72.837,7.547,10.147,1.808,1.366,171.313
33.13,71.713,37.661,5.967,10.035,2.679,2.283,139.033
28.095,58.472,35.344,5.71,7.454,2.248,1.525,120.985
20.142,75.703,35.696,7.678,6.141,2.505,4.099,128.585
20.443,78.307,44.371,6.359,5.113,1.712,1.846,132.337
29.783,59.95,67.661,7.123,4.011,1.642,1.903,148.406
20.94,82.195,54.798,7.481,4.906,2.218,4.121,150.056
26.624,48.316,28.378,5.833,5.317,0.652,2.783,107.432
34.86,45.484,48.649,5.357,9.52,0.53,0.793,130.162
18.068,50.534,29.517,6.874,10.543,2.761,2.892,107.479
18.282,52.02,45.311,6.771,9.896,2.599,3.616,128.807
34.882,84.552,45.176,5.811,9.786,2.694,1.653,160.479
27.939,64.124,57.418,6.754,11.955,0.55,2.466,144.615
20.157,57.372,52.473,7.371,11.701,1.046,2.895,132.2
33.254,64.308,68.738,6.05,6.151,2.564,2.395,152.359
32.966,62.768,25.814,5.727,5.161,0.615,4.496,120.214
27.115,58.566,63.7,7.175,5.226,1.483,2.379,146.247
28.57,51.205,26.133,7.358,11.165,1.219,2.967,120.85
22.644,74.516,40.214,7.863,4.819,2.512,3.612,132.954
18.859,51.147,68.983,5.443,6.721,1.643,0.787,133.281
28.108,79.894,59.521,7.668,8.243,1.097,0.389,156.335
23.011,54.076,33.6,7.295,8.908,1.658,4.384,121.93
29.282,77.912,49.539,7.106,8.766,0.67,3.349,146.84
32.216,81.251,61.095,5.939,10.291,2.155,1.891,171.308
18.309,50.64,71.867,5.067,8.574,1.884,0.276,134.324
28.127,48.904,56.716,6.523,10.808,1.842,0.916,131.221
21.932,87.731,26.234,5.857,4.677,1.451,0.242,123.37
32.856,65.837,49.985,5.869,10.872,1.106,1.905,142.571
22.312,73.361,32.648,7.781,8.72,0.557,2.586,126.741
28.383,46.047,27.389,5.459,5.783,2.673,0.891,100.76
27.41,57.542,54.926,7.803,11.822,1.4,2.951,141.771
24.735,67.743,63.846,6.511,11.518,1.59,4.303,155.651
29.52,84.88,26.803,7.515,10.766,1.302,4.459,144.059
30.338,57.215,64.179,5.851,11.293,2.771,3.783,154.114
27.638,79.884,60.319,6.902,7.057,2.311,2.109,160.649
30.893,74.8,62.599,6.67,5.822,0.63,2.554,153.662
34.718,50.187,37.236,7.772,5.463,1.86,2.364,123.936
25.128,58.202,44.68,5.538,10.99,1.563,0.869,121.885
26.748,55.704,30.988,5.614,10.613,2.304,3.874,119.978
18.212,64.914,36.945,7.847,11.848,2.794,3.106,127.051
31.532,73.59,40.139,5.294,10.786,2.186,2.943,144.379
26.844,64.504,40.972,6.904,9.059,2.476,1.147,127.178
24.935,56.004,33.752,5.182,5.138,1.606,0.859,110.598
19.599,76.315,34.436,5.231,5.319,1.297,3.954,124.071
33.124,71.301,70.074,6.791,7.79,1.944,0.971,161.584
24.715,68.369,64.195,6.654,10.142,2.199,0.517,152.038
29.604,69.949,42.224,6.719,5.386,0.946,2.89,134.227
20.539,54.986,72.382,6.421,11.324,1.608,3.229,146.977
34.346,75.619,36.946,7.227,9.47,0.673,0.714,138.766
21.034,62.438,45.341,7.977,6.498,0.919,1.089,126.691
21.392,61.356,65.676,5.827,11.086,2.516,3.592,150.539
32.603,51.738,47.144,5.97,8.789,0.747,4.197,131.659
33.514,71.858,36.731,5.969,9.865,2.347,2.249,147.195
21.607,72.12,43.427,7.29,7.084,1.294,3.606,131.282
25.987,60.314,50.036,6.044,7.148,1.992,1.573,134.734
30.469,83.693,56.032,7.03,4.101,2.585,3.224,155.53
32.932,83.046,45.28,6.338,8.303,2.274,2.596,155.243
24.444,49.907,46.565,6.823,10.086,2.382,3.826,128.64
26.789,76.277,38.197,7.487,11.751,1.027,3.536,137.928
30.609,62.723,51.767,6.542,11.138,1.268,1.422,141.83
30.429,89.987,35.973,6.426,4.696,2.159,0.843,147.856
31.31,55.126,68.376,5.801,11.844,2.265,3.673,152.785
27.689,57.624,62.368,6.548,5.196,2.296,0.341,140.35
19.778,64.895,45.514,5.787,4.329,2.176,3.12,126.324
33.368,57.092,62.361,7.531,9.991,0.956,2.246,149.099
32.715,76.14,25.35,6.167,11.247,1.094,0.524,126.623
31.568,66.641,42.224,5.387,11.598,2.661,3.161,143.784
19.698,54.94,47.015,5.72,10.6,1.729,2.276,123.723
21.475,67.787,48.49,6.604,5.639,2.211,3.898,136.75
30.641,84.995,62.437,7.749,5.232,1.838,1.097,162.741
18.393,80.658,73.14,5.902,4.472,2.619,0.21,155.151
34.647,67.447,44.0,5.793,8.656,2.485,0.761,142.109
24.411,57.982,42.53,6.22,7.898,1.027,1.359,119.886
30.228,53.095,55.526,7.903,4.874,2.523,3.005,140.654
33.089,84.527,39.063,7.536,7.719,1.12,1.759,146.232
24.709,76.958,32.068,5.449,8.539,1.458,0.708,126.631
23.425,70.747,73.077,6.841,9.784,2.443,4.421,165.491
28.349,84.575,65.476,7.376,7.314,1.178,0.665,163.104
27.877,50.476,72.925,7.304,6.547,1.098,1.727,143.883
24.955,75.712,35.892,6.467,9.325,2.005,3.969,136.652
28.23,54.752,25.89,7.195,9.474,2.799,3.006,118.08
33.901,50.426,46.863,6.751,6.163,0.715,1.575,127.335
25.95,65.952,71.68,5.604,4.159,2.083,4.372,156.002
21.345,62.433,31.916,5.168,11.566,1.665,2.355,115.7
24.413,87.353,30.859,6.108,10.042,1.385,0.235,135.361
24.7,59.579,28.448,5.186,5.609,2.2,0.227,112.182
20.229,81.671,63.251,6.185,8.525,1.732,4.246,158.01
20.769,78.697,64.296,7.487,8.76,2.315,1.409,148.781
29.638,75.057,59.769,7.533,5.008,2.185,3.692,154.859
23.771,86.418,27.665,5.102,5.533,2.764,0.387,125.321
34.233,63.357,61.164,5.209,11.654,2.346,0.832,157.118
22.141,62.535,47.431,7.01,8.064,0.56,3.884,129.191
19.682,52.243,32.895,6.5,5.532,2.271,4.475,112.516
30.81,57.409,39.756,5.448,10.381,1.959,0.423,124.498
32.978,84.59,50.057,7.417,7.765,0.615,0.921,155.228
22.728,66.347,41.483,5.649,9.107,1.853,3.309,129.924
21.435,60.361,73.487,5.234,6.38,2.202,2.477,153.935
21.158,54.725,48.737,7.249,4.463,0.873,1.946,123.013
26.874,66.823,43.608,6.824,5.32,1.444,1.036,132.677
25.963,77.25,58.658,6.183,11.784,1.702,4.265,162.828
22.41,57.901,57.527,7.078,8.989,1.392,0.941,134.751
18.768,79.097,25.122,7.734,10.649,2.502,1.341,123.31
26.185,73.34,55.924,5.103,4.172,0.805,1.594,140.808
34.309,80.44,37.188,6.883,10.124,2.252,0.796,147.025
29.093,56.291,43.762,5.655,7.88,2.267,2.506,122.086
26.424,73.396,60.317,6.422,9.322,1.475,1.668,151.562
19.882,51.918,52.869,6.272,6.866,1.695,2.814,124.509
22.291,61.371,43.433,6.17,8.967,0.769,1.782,124.187
23.011,77.596,33.371,5.571,4.285,0.868,0.701,119.082
31.002,73.425,50.274,7.408,4.365,1.676,3.952,146.211
32.904,53.454,40.968,6.139,10.391,0.939,2.392,124.952
33.328,83.625,70.646,7.662,4.996,2.336,1.584,175.59
34.738,47.401,51.717,6.064,4.112,1.879,0.27,127.442
34.7,71.785,68.298,7.519,11.3,0.536,2.771,161.44
34.201,89.272,44.509,6.633,6.124,1.259,3.565,155.538
19.221,68.918,66.372,6.157,8.659,2.46,2.995,151.104
20.342,81.03,27.827,7.112,10.711,1.066,3.587,129.077
23.176,71.783,39.906,7.36,9.967,2.127,0.866,130.065
27.399,80.239,28.909,6.448,4.373,0.625,4.378,127.754
19.649,74.502,26.583,6.276,8.488,2.633,1.109,118.695
32.379,76.101,70.943,6.732,8.334,1.478,1.347,165.159
28.485,55.252,60.843,6.755,6.801,1.58,2.403,136.867
27.22,78.382,56.256,6.276,10.029,1.768,0.222,151.712
20.81,55.706,51.625,7.273,11.712,1.272,2.103,126.687
22.305,89.129,53.478,6.199,5.177,2.141,1.042,152.142
20.725,55.25,56.935,6.359,5.162,0.435,3.421,130.386
32.483,55.651,66.329,6.816,9.878,0.789,3.458,148.634
27.932,83.64,54.844,7.961,7.635,0.853,2.848,153.746
30.497,55.934,62.429,5.782,10.362,1.925,2.013,145.191
23.033,61.241,39.049,5.696,5.129,2.537,1.534,120.031
24.311,77.159,73.838,5.531,4.319,0.553,3.758,159.717
24.883,52.144,26.595,7.068,9.583,2.446,2.381,112.237
30.92,52.158,44.329,6.347,11.958,2.367,2.335,133.354
31.13,66.886,69.102,6.166,4.758,0.584,0.688,155.56
21.516,55.966,34.026,5.612,10.915,0.744,1.139,113.397
34.006,55.605,32.067,7.673,7.082,1.24,1.75,118.565
20.051,45.416,43.272,6.33,4.134,0.675,3.205,104.421
33.234,61.67,46.41,6.823,8.08,2.22,3.835,144.989
19.707,59.321,71.67,5.338,6.231,1.61,4.469,145.851
22.497,46.402,66.806,5.324,9.547,1.386,2.038,134.659
32.39,72.955,48.204,5.202,6.303,2.14,2.149,146.059
21.051,73.199,73.649,6.102,7.854,1.103,3.494,157.623
25.031,48.186,57.114,6.419,5.605,2.492,1.581,129.155
25.648,59.267,68.683,5.734,10.625,1.97,2.524,149.121
22.169,84.276,37.303,6.049,11.403,1.232,3.111,142.465
30.074,71.198,49.448,5.019,7.227,1.696,1.216,140.378
32.473,63.539,26.486,6.053,7.591,1.023,1.402,118.071
32.868,65.93,25.444,5.358,11.861,2.764,1.732,123.524
23.768,54.373,60.273,5.385,5.137,1.445,2.684,131.907
27.024,81.535,30.915,5.014,10.469,2.552,1.363,138.799
22.223,86.13,52.39,7.089,8.538,2.747,1.095,150.049
22.162,85.98,59.8,7.794,11.046,1.686,0.843,154.43
20.741,55.077,26.612,6.865,6.339,2.152,3.68,108.108
33.98,58.983,47.437,5.289,6.369,1.773,4.01,135.991
33.096,52.228,59.208,7.969,6.607,0.62,4.09,145.677
31.215,58.824,69.487,7.927,4.133,2.686,3.733,155.888
26.8,59.976,39.962,6.405,5.359,1.496,0.79,118.525
26.34,73.49,73.711,5.324,11.957,2.546,0.62,163.885
27.006,53.534,67.227,7.162,5.992,1.973,2.346,140.706
27.122,86.373,57.532,7.884,4.159,0.652,2.442,152.068
25.388,49.639,44.596,7.336,6.228,1.401,3.351,120.788
20.24,45.31,60.556,6.873,7.267,0.87,1.158,125.579
20.136,83.473,65.81,6.832,8.382,0.808,4.203,158.395
34.188,76.67,40.165,7.934,4.549,2.116,1.533,140.782
26.195,60.991,74.642,5.219,10.323,0.472,2.685,148.503
34.204,71.797,70.431,5.449,10.604,2.719,3.916,168.649
20.781,55.059,49.275,7.492,5.705,1.48,2.451,124.442
27.425,52.578,61.141,5.435,10.387,1.575,3.44,137.645
21.531,66.202,51.2,6.15,6.891,1.119,3.421,137.107
22.304,60.893,63.047,5.844,7.385,0.605,3.597,138.635
18.511,72.685,66.349,5.73,11.491,1.812,3.688,153.476
20.022,54.817,26.161,5.077,11.135,1.227,1.888,105.185
33.586,74.832,28.957,6.699,7.001,1.898,1.763,129.751
23.466,79.509,41.823,6.204,7.905,1.734,3.655,140.62
28.338,52.499,70.881,6.655,6.292,0.921,2.693,143.37
25.905,46.974,44.914,5.914,8.123,1.508,2.813,118.11
24.808,64.781,69.376,7.824,9.455,1.139,1.971,146.202
27.042,79.831,48.122,6.774,4.741,0.975,1.067,144.844
21.183,74.285,39.443,7.884,11.359,2.247,2.165,135.114
34.806,76.585,70.032,6.05,9.751,0.429,4.369,173.539
31.911,63.128,53.034,5.007,4.774,1.045,1.451,139.247
30.607,55.573,43.024,7.344,10.952,1.675,1.37,133.747
25.969,68.93,27.22,7.482,9.949,1.543,0.762,120.431
20.599,54.196,30.547,5.176,6.505,2.656,2.269,104.658
33.651,77.68,31.966,6.876,8.171,2.425,1.441,140.601
23.804,53.863,43.242,6.983,10.881,2.204,3.155,126.585
18.852,58.107,55.367,5.437,11.745,1.634,0.781,129.748
23.821,67.795,40.38,6.658,6.249,1.429,1.263,128.065
31.506,66.902,28.276,5.73,9.204,0.488,0.466,123.495
28.586,72.038,38.24,5.049,10.882,2.372,0.378,136.904
30.764,64.685,45.434,7.601,11.905,1.434,3.701,140.112
31.492,86.376,74.613,6.475,4.566,1.17,4.095,177.078
21.603,82.797,44.649,7.345,8.029,1.856,3.485,143.173
33.704,84.56,29.46,7.169,10.989,2.21,3.92,149.404
25.446,73.328,54.056,7.981,4.025,1.655,0.572,143.255
28.863,73.575,70.982,6.314,7.498,0.759,4.062,164.048
18.039,72.414,64.335,6.283,8.674,2.612,2.204,147.772
34.887,64.57,66.811,5.845,8.212,0.671,3.505,159.513
22.775,59.495,71.412,6.875,9.862,2.727,2.848,154.002
19.055,71.64,56.827,6.458,4.524,1.462,1.704,138.145
25.79,46.149,74.746,7.186,10.283,2.672,1.339,146.599
20.194,45.336,26.664,6.07,6.265,2.595,0.708,98.712
20.59,83.324,66.742,5.393,10.594,1.375,1.974,157.804
28.749,47.089,67.851,7.587,7.356,2.32,2.325,145.88
24.68,68.616,70.835,7.484,4.343,0.615,4.427,148.838
33.671,72.674,48.908,6.053,11.711,0.599,0.36,147.796
23.426,53.918,64.388,7.071,10.244,1.254,2.738,139.551
30.345,85.308,34.754,6.477,6.783,1.863,2.457,140.53
25.839,53.554,55.157,7.283,6.16,0.422,0.298,128.465
29.219,84.803,42.932,6.17,8.712,1.636,1.618,144.805
28.195,79.335,54.809,6.607,11.898,2.742,2.019,162.868
26.037,55.833,58.778,5.173,6.321,2.46,2.325,132.955
34.151,51.783,42.353,5.525,11.586,0.958,1.204,126.897
23.826,59.23,35.812,7.345,6.643,1.667,0.347,114.042
21.013,62.908,41.084,6.145,9.633,0.811,1.464,123.413
29.528,56.06,58.198,5.105,7.054,1.032,3.796,141.944
32.382,89.95,58.844,5.503,4.68,2.615,3.674,167.716
18.684,55.334,62.066,6.235,11.49,2.795,0.977,139.952
25.644,82.379,31.327,7.154,5.311,0.982,2.979,129.462
33.172,52.16,65.926,6.09,11.558,0.909,4.172,152.672
30.744,89.111,59.407,7.236,4.826,1.321,0.94,160.383
34.861,55.149,26.525,7.574,6.136,1.47,0.753,116.722
27.034,63.976,41.78,6.023,11.367,0.614,0.295,132.339
29.22,70.135,48.336,7.401,9.268,0.755,0.941,136.704
23.142,50.413,43.031,5.381,5.516,1.42,3.7,121.769
34.108,81.757,30.871,6.246,8.737,0.965,3.7,141.292
24.228,57.361,35.367,5.293,5.443,2.428,2.524,112.485
30.555,69.717,26.228,5.158,10.996,2.204,1.634,125.425
24.853,69.734,29.654,5.194,4.399,1.687,3.669,120.633
27.551,72.119,38.315,5.314,8.238,1.438,1.039,129.957
30.236,47.497,65.999,7.507,4.508,2.394,0.801,132.935
26.652,52.588,51.332,6.631,9.56,0.798,0.584,128.448
33.42,52.254,46.225,7.842,11.486,2.53,3.861,136.663
25.128,58.592,58.108,6.614,10.649,0.518,3.274,141.622
29.0,51.521,52.076,6.886,6.974,2.616,2.886,130.399
23.82,86.486,31.576,5.553,5.895,0.733,3.328,138.218
24.939,68.083,36.131,6.622,4.968,2.349,0.817,124.924
25.481,73.061,36.126,6.156,10.989,0.443,1.855,131.713
20.139,61.087,54.998,7.794,4.649,2.356,3.701,134.672
19.559,57.431,48.081,7.802,9.031,1.802,4.142,123.604
29.347,67.643,44.379,5.595,6.938,0.446,2.406,132.896
29.144,58.245,52.832,6.86,11.966,2.258,0.725,144.568
29.269,60.464,73.506,6.915,8.071,0.644,4.408,155.834
18.336,65.374,40.71,6.688,8.39,1.696,1.899,122.701
23.551,67.758,51.01,5.373,11.343,1.197,1.572,137.105
21.363,89.294,49.019,6.962,11.757,2.222,0.716,155.265
31.229,55.05,60.832,7.397,8.669,2.448,0.254,142.642
32.631,66.959,61.515,6.036,10.369,1.514,2.796,152.47
22.194,51.728,61.454,6.544,9.078,2.219,2.833,142.114
29.353,60.75,35.076,5.349,7.419,2.6,1.207,120.421
20.199,77.279,47.455,7.792,4.459,2.054,0.897,134.545
22.678,52.851,65.559,5.329,9.742,1.173,2.47,136.072
20.357,71.161,44.077,5.625,9.602,1.512,2.072,130.054
22.82,63.752,74.213,5.895,4.934,0.952,1.506,144.851
29.471,47.321,43.239,7.477,5.841,1.5,1.138,117.985
33.476,86.988,49.883,7.102,9.857,0.99,3.895,164.19
21.443,63.612,48.726,5.021,5.198,2.337,4.43,125.89
27.215,80.277,46.683,5.551,9.527,1.864,1.729,149.602
29.924,63.734,67.282,7.25,9.744,1.92,3.202,159.421
34.2,87.181,32.764,6.212,6.827,0.665,3.922,146.406
28.371,58.071,53.383,5.079,6.065,0.404,0.316,130.624
22.337,63.55,55.93,7.892,6.984,2.294,4.105,140.772
28.633,79.149,67.561,5.454,6.874,1.702,2.346,165.203
23.448,60.465,55.46,6.531,8.856,2.636,2.594,133.865
34.594,61.396,73.001,5.745,9.951,1.689,2.521,163.872
24.794,89.767,68.608,7.212,10.894,0.915,1.245,166.956
29.652,70.003,42.437,7.33,4.24,2.076,3.564,138.744
18.395,76.022,67.995,6.192,9.812,2.082,3.349,153.779
24.801,73.956,72.924,6.975,6.513,0.557,0.612,157.697
32.877,82.257,37.86,7.727,10.709,2.065,2.62,145.633
28.374,83.782,55.51,7.444,4.606,0.91,4.315,150.994
25.547,70.347,39.09,6.245,8.409,1.011,3.946,132.295
33.911,58.255,57.478,6.324,8.389,0.475,2.891,148.061
32.518,46.026,29.682,7.661,6.612,1.906,1.054,112.946
23.478,72.648,61.709,5.103,11.762,2.156,1.693,153.203
27.257,82.146,45.991,5.068,4.855,0.953,0.847,142.654
26.327,65.274,54.365,5.617,5.091,2.302,3.734,139.169
28.747,52.412,26.293,7.483,9.154,2.229,3.548,116.874
23.68,57.964,59.772,5.46,8.114,1.383,4.115,137.297
22.151,67.95,49.8,5.856,6.116,0.564,0.473,128.882
33.515,82.651,56.263,6.887,6.434,1.072,4.348,160.762
33.706,52.729,40.783,5.553,5.256,0.797,4.356,124.478
32.336,72.547,32.291,5.909,10.942,2.701,3.1,138.138
34.629,78.902,46.771,6.401,8.556,2.363,3.992,154.418
30.665,87.122,72.199,5.684,5.959,0.588,2.085,168.464
30.999,50.252,36.39,7.977,7.147,1.632,1.548,119.042
30.964,86.688,58.792,5.49,11.253,1.041,0.864,163.8
26.17,72.066,27.492,7.55,11.095,0.477,0.336,120.796
25.76,79.502,60.905,6.41,4.553,1.174,0.381,150.608
22.084,47.42,36.922,5.387,9.233,0.706,3.174,109.394
28.962,67.777,47.576,5.355,5.224,0.935,1.647,135.101
22.918,73.018,43.388,6.501,5.687,1.184,0.432,127.938
22.383,58.808,30.642,6.061,10.914,1.381,0.682,116.593
27.961,64.424,42.279,5.704,11.162,1.524,3.061,137.444
24.97,69.943,42.506,7.877,4.662,1.648,4.236,130.704
21.721,69.865,51.105,6.39,10.991,1.288,1.954,140.33
31.873,46.884,73.618,7.786,9.828,1.596,3.544,155.664
32.63,64.777,48.501,5.492,10.206,1.403,4.386,142.41
20.851,54.622,70.721,5.55,10.335,2.715,3.246,143.408
18.128,86.251,48.078,6.788,8.058,0.562,3.309,144.743
23.714,88.946,30.377,5.81,11.575,1.806,2.848,136.204
31.558,58.484,36.508,5.555,5.603,0.865,4.404,123.034
32.266,52.883,45.376,5.284,8.04,1.301,1.489,125.687
20.352,54.878,41.268,5.229,6.548,1.712,3.567,118.965
31.164,66.499,68.291,7.26,10.579,2.224,1.985,158.672
19.967,84.353,58.932,5.846,4.662,2.747,0.868,147.955
24.631,67.502,53.915,7.935,7.469,1.585,3.379,140.1
34.976,47.493,49.561,5.549,10.188,1.017,3.766,137.309
21.274,46.795,44.864,6.063,6.499,2.3,3.913,114.657
20.617,55.233,55.61,6.125,5.924,0.932,4.164,125.078
25.188,82.925,31.23,6.5,6.1,1.619,3.403,129.484
28.534,72.967,33.127,7.612,9.709,2.432,2.469,136.419
33.859,70.333,40.156,7.504,6.294,1.369,4.236,142.49
34.674,59.354,33.559,5.03,7.221,1.737,1.101,127.883
19.184,86.824,58.855,6.228,8.365,0.687,0.532,146.787
20.346,59.903,26.238,7.484,11.526,0.534,2.056,110.53
31.443,82.572,33.009,5.001,10.355,2.767,2.704,149.742
22.601,85.316,70.13,6.601,5.482,0.829,3.124,160.902
33.042,66.75,74.877,5.778,11.065,1.205,3.706,166.146
29.279,85.243,49.38,6.238,10.758,1.611,0.315,153.5
19.901,57.456,49.769,6.261,9.962,1.299,3.649,129.824
32.153,74.63,63.67,6.175,8.135,0.634,2.781,160.37
20.998,48.958,26.809,7.676,4.559,0.873,4.298,99.738
25.199,66.327,46.351,6.609,9.692,1.584,1.696,133.499
27.387,54.78,29.991,7.711,8.147,1.453,2.853,115.378
26.513,47.824,45.046,7.18,6.478,2.316,3.496,120.777
29.665,45.168,74.191,6.053,4.08,1.148,2.421,138.155
29.096,59.614,62.682,6.481,5.848,2.657,0.87,148.41
34.865,71.529,74.252,6.17,8.846,1.079,0.414,165.461
34.99,65.485,62.302,7.486,4.898,1.195,0.679,149.617
26.78,58.58,55.406,5.563,9.243,2.678,2.328,138.602
19.618,89.604,62.711,7.809,10.557,2.417,2.95,163.163
30.373,87.279,57.955,6.741,6.545,1.161,2.653,162.361
34.603,50.654,48.203,6.835,4.656,1.349,3.266,129.772
23.412,63.68,39.627,6.55,5.118,2.421,0.368,124.527
25.841,74.198,51.009,6.663,6.863,0.607,0.786,141.386
25.221,78.007,37.925,7.003,10.507,1.107,3.473,138.195
18.874,61.487,49.334,6.965,9.074,1.676,3.559,128.436
29.428,78.583,32.307,5.642,10.943,2.389,3.22,142.172
24.007,50.587,53.27,6.747,11.955,1.755,3.405,132.239
31.387,59.932,37.264,6.064,5.621,1.575,4.343,124.584
32.146,77.239,39.68,6.911,9.559,2.709,4.26,150.524
31.961,73.156,49.951,6.644,7.732,0.679,2.971,145.284
25.083,82.674,33.126,5.539,7.948,2.272,1.573,136.507
23.466,47.109,73.119,7.204,6.605,0.705,0.261,129.845
30.73,52.848,47.347,6.371,6.74,2.159,2.916,129.725
31.624,47.182,42.614,6.654,9.41,1.703,2.055,127.587
26.351,53.645,26.46,7.018,8.966,1.035,0.832,109.094
33.182,45.193,67.163,6.959,6.548,1.704,1.126,142.416
20.446,67.689,56.292,7.247,4.949,2.511,4.227,137.529
32.944,68.774,45.82,5.62,8.626,1.533,0.485,141.132
19.634,74.605,37.277,5.331,9.915,0.416,3.586,128.374
20.61,62.321,62.257,7.008,8.469,0.536,4.079,141.651
27.075,45.144,72.274,5.708,4.029,1.918,3.16,144.099
19.148,75.325,44.04,5.344,6.259,2.027,0.464,132.641
18.898,47.443,31.744,5.394,10.229,1.364,3.837,108.166
18.009,83.978,30.46,5.938,9.94,0.983,3.009,130.567
25.417,46.019,25.318,7.975,4.083,2.118,1.391,98.027
31.169,68.871,62.198,5.472,7.762,1.13,2.908,151.891
18.592,85.271,74.07,5.896,7.499,0.578,0.787,155.808
29.088,70.762,74.641,7.762,9.218,1.383,3.243,162.709
31.993,72.379,64.21,7.89,5.0,1.694,4.083,156.707
20.856,75.672,33.109,5.687,8.971,2.718,2.443,128.134
20.497,50.508,73.885,7.641,11.575,1.821,4.294,144.125
32.634,75.372,41.391,5.417,6.974,0.9,2.084,140.224
31.993,84.616,41.681,7.285,6.699,2.397,3.888,151.017
27.162,88.84,59.367,5.039,4.226,1.1,3.527,155.537
31.926,64.937,27.452,6.22,4.459,2.702,0.58,124.132
19.577,60.503,66.288,5.742,11.453,1.181,4.124,141.633
24.706,78.899,74.865,7.112,11.804,2.583,4.115,175.183
30.543,69.429,63.753,5.048,4.045,2.509,1.711,145.521
22.377,56.579,64.084,6.395,11.205,2.474,3.612,144.013
30.79,52.747,44.516,7.09,5.392,0.495,1.166,120.334
26.571,52.66,28.296,5.14,8.491,2.44,0.331,108.282
30.755,65.663,64.633,7.692,9.425,2.131,1.094,159.16
25.9,52.656,54.858,6.084,6.872,1.202,2.281,129.215
24.254,45.887,70.467,5.496,8.232,1.576,0.448,132.968
21.726,47.344,30.798,5.676,9.02,1.936,0.888,105.763
21.542,86.845,40.256,6.017,5.551,2.664,4.287,140.547
30.775,48.283,43.033,5.595,11.954,2.272,2.324,128.152
20.021,48.293,59.164,6.532,5.631,1.428,3.739,123.97
19.462,65.303,64.387,6.899,4.083,1.949,1.088,136.314
20.997,56.03,73.051,6.3,11.554,0.846,0.581,142.592
20.981,88.321,39.77,6.281,7.433,1.417,3.556,142.875
31.993,85.994,49.682,7.345,7.189,2.299,1.7,156.134
24.775,63.213,26.448,5.903,6.205,1.856,2.177,111.204
34.837,65.193,37.649,6.868,4.207,2.28,4.466,135.524
20.333,61.88,43.7,7.679,6.117,1.624,1.561,122.877
29.11,46.704,54.69,5.665,7.146,1.312,2.235,130.204
25.628,58.178,48.542,6.86,8.163,2.182,2.93,131.159
24.68,50.52,43.224,7.844,7.661,0.625,0.583,117.079
32.876,49.607,56.204,6.589,11.032,2.749,3.281,143.67
34.585,70.239,66.431,7.931,11.291,2.676,2.142,163.938
32.839,49.444,37.084,5.93,6.537,2.513,0.953,122.056
21.269,49.632,42.144,6.693,11.676,2.522,2.051,119.953
21.754,66.623,60.246,5.933,10.919,1.627,2.181,141.722
29.153,64.903,63.897,5.011,11.421,1.595,2.955,150.786
22.914,51.194,66.27,7.992,9.651,2.368,4.23,142.675
30.49,45.2,35.467,5.72,5.586,1.08,3.49,111.889
27.629,53.684,51.963,7.919,5.562,2.44,1.845,133.104
27.365,55.615,70.001,6.959,11.269,0.882,4.369,151.202
32.085,81.011,44.598,7.712,8.056,2.51,3.601,153.372
30.079,86.195,46.494,7.902,11.124,1.699,0.32,151.964
18.452,63.267,74.241,6.703,9.764,2.424,0.701,149.204
18.841,63.226,30.653,7.999,5.7,1.584,1.137,114.424
28.226,77.062,60.28,7.302,7.078,1.86,0.559,153.172
26.265,73.211,67.509,6.571,11.743,2.624,2.287,160.213
22.423,53.286,32.54,6.965,4.157,1.404,1.665,105.07
25.117,49.846,60.723,5.583,9.717,0.929,4.384,136.246
30.884,64.693,48.487,5.033,11.83,0.618,2.233,144.382
32.052,70.417,67.645,5.77,4.833,1.816,1.112,152.424
27.541,51.242,70.373,6.305,6.176,1.867,4.374,145.595
24.551,58.197,68.624,5.684,8.376,1.89,2.41,141.694
22.602,58.767,28.219,6.542,10.75,0.489,0.514,109.879
26.873,56.758,62.843,6.974,8.052,0.466,0.548,139.533
23.351,65.734,71.076,6.967,4.477,2.549,3.104,147.132
27.59,74.388,56.067,7.681,5.017,2.069,2.328,147.226
29.503,67.923,55.044,7.899,7.008,0.672,2.884,146.019
19.123,54.066,27.25,7.672,6.58,0.579,3.854,104.76
18.018,49.632,67.802,6.861,5.757,0.788,3.13,131.892
21.609,81.984,27.32,5.617,10.721,2.337,3.906,128.843
33.207,66.569,40.675,7.83,4.215,2.135,3.394,136.964
28.987,47.796,71.293,5.525,10.635,1.933,3.1,146.082
20.923,56.615,72.487,5.454,11.373,1.938,0.779,147.316
33.134,81.182,74.595,5.953,9.041,2.461,2.276,170.206
25.989,78.828,48.82,6.721,9.003,1.2,2.062,144.986
26.094,84.412,33.871,7.044,5.192,1.173,2.525,135.237
33.904,72.094,49.397,5.04,8.547,1.421,1.882,150.646
19.011,64.031,30.116,7.334,7.001,2.775,2.868,115.983
21.658,64.199,68.627,5.525,5.832,1.732,1.888,144.868
27.958,53.73,53.027,5.889,8.667,1.713,2.598,134.722
21.323,74.286,45.225,5.966,4.01,2.343,1.898,135.06
29.552,71.328,28.977,5.997,6.211,0.827,4.078,125.585
21.64,51.969,45.262,7.281,9.248,1.373,1.806,117.156
19.686,84.855,68.31,5.123,7.64,1.939,3.343,156.119
21.519,61.581,60.17,5.59,5.165,2.771,2.839,139.275
25.186,47.238,29.123,5.067,4.011,0.771,1.858,101.363
20.994,59.755,32.995,7.335,6.164,1.485,3.673,114.546
20.29,84.144,44.615,7.951,8.392,2.573,4.189,143.922
32.625,86.263,30.069,6.979,8.276,2.141,3.47,144.704
23.447,67.068,71.702,6.77,5.049,1.873,4.279,153.871
24.133,88.035,57.615,7.724,8.91,1.017,2.076,158.996
18.94,84.386,29.741,5.765,11.991,0.849,4.129,129.119
24.075,82.135,64.403,5.199,8.679,1.298,3.968,155.387
22.502,83.687,43.42,6.53,8.221,1.012,3.478,139.845
28.378,62.184,37.244,5.781,8.981,2.34,3.791,126.485
21.492,79.041,53.499,6.353,11.037,2.13,3.34,146.364
33.102,70.98,25.669,6.369,11.568,2.404,2.403,136.179
33.804,77.386,48.27,5.956,4.328,0.811,2.575,140.979
19.697,53.0,67.19,6.459,5.64,1.144,1.996,134.503
19.826,77.913,71.403,6.14,4.926,2.245,3.056,158.394
19.961,88.092,42.128,5.339,10.179,0.793,1.597,143.03
28.533,58.62,57.122,7.6,4.365,0.749,3.381,138.36
20.073,89.377,36.341,7.104,11.221,1.319,2.372,143.82
32.49,62.027,53.011,5.124,4.164,0.847,1.719,141.427
30.823,53.988,37.701,5.347,8.82,0.589,0.833,119.825
31.937,50.053,53.568,5.29,6.205,1.151,1.299,131.55
26.943,80.323,33.586,5.185,7.765,2.501,2.953,139.383
34.944,69.967,72.062,5.177,7.535,0.536,1.79,160.528
18.751,58.821,69.346,5.471,9.991,1.759,0.343,140.029
24.822,72.38,41.846,7.544,7.973,1.751,1.618,132.851
23.507,59.945,63.833,7.485,7.37,1.674,1.775,142.756
34.127,65.176,29.775,7.349,9.842,1.613,1.207,124.267
27.807,83.82,62.018,6.844,11.406,0.441,1.431,165.47
31.705,75.067,39.123,7.17,10.351,0.514,3.231,143.607
20.896,79.308,31.782,7.215,9.894,1.627,3.409,132.484
34.637,71.257,58.91,7.668,7.902,2.724,4.323,154.554
26.477,89.613,48.49,7.197,11.202,1.379,0.708,151.859
26.392,55.863,51.507,7.209,7.891,1.534,1.54,135.058
34.505,56.803,51.026,7.412,11.442,2.757,0.531,142.384
24.472,49.165,27.972,6.669,10.423,2.27,2.837,106.19
24.758,69.931,27.569,5.639,5.202,2.248,0.27,117.353
27.941,72.601,55.058,5.254,4.376,1.611,1.083,144.25
20.177,77.668,56.193,6.257,9.927,2.555,2.724,150.072
23.458,60.095,27.359,5.275,9.487,1.795,1.743,112.823
21.285,45.552,43.922,5.508,8.817,1.976,2.541,117.82
19.756,73.45,55.643,5.072,11.81,2.29,2.953,144.081
32.724,89.941,57.834,5.901,8.363,1.376,3.807,169.21
28.019,58.255,66.414,7.91,6.783,2.688,1.889,148.156
24.097,53.277,46.037,6.137,8.52,2.771,1.399,124.247
24.947,57.68,52.413,5.723,4.227,1.809,2.517,128.351
25.336,64.144,53.928,6.21,8.634,0.933,0.5,135.339
28.764,56.291,40.602,5.904,11.219,2.26,0.38,127.075
33.755,60.613,27.691,7.022,4.035,1.173,2.145,118.076
33.857,73.719,25.211,6.903,10.762,1.785,1.138,133.656
24.655,60.526,66.806,5.082,10.415,0.608,0.231,142.192
23.597,62.823,35.012,6.534,4.849,2.338,3.121,124.134
25.668,46.801,56.513,5.109,10.775,2.702,3.709,132.246
27.655,86.307,53.852,7.032,10.108,0.626,0.836,157.8
25.851,63.31,44.982,7.807,7.928,2.156,2.625,135.702
29.199,59.766,66.675,7.722,5.962,2.466,4.431,152.196
27.425,48.892,59.92,5.617,6.305,0.663,1.356,130.498
23.452,73.538,26.137,7.228,8.898,0.992,3.343,121.082
23.877,83.872,63.835,7.379,5.97,1.34,0.897,154.64
24.436,46.852,50.35,7.593,6.603,2.408,4.208,126.117
19.609,51.537,42.351,5.779,11.447,1.584,0.202,115.701
20.823,51.588,61.344,6.353,9.835,0.729,1.467,134.182
30.293,72.102,59.303,5.665,9.889,1.015,4.399,154.6
24.615,86.455,40.529,5.073,11.647,1.522,3.084,145.16
21.647,64.7,74.152,6.977,4.046,0.494,1.111,141.674
27.565,60.471,57.435,6.294,5.956,1.914,3.603,142.476
30.844,79.463,55.289,5.744,9.264,0.461,4.062,157.895
22.376,78.416,28.494,7.541,7.506,2.274,2.295,129.256
32.055,56.104,38.966,6.487,4.902,2.161,0.871,126.167
33.768,52.237,47.349,7.984,10.25,2.477,1.312,137.734
28.156,61.101,56.531,7.38,4.377,0.779,4.255,141.552
29.372,79.902,50.638,7.608,8.351,1.846,0.893,152.049
18.894,76.278,63.152,7.32,8.5,2.274,1.541,151.752
34.074,74.963,38.128,5.318,9.088,1.638,0.826,135.61
24.672,82.324,60.108,5.195,6.525,0.714,0.654,147.877
33.706,57.471,65.83,7.745,4.189,0.637,2.445,144.07
27.843,60.286,63.252,5.415,11.112,1.854,1.906,150.978
18.079,46.905,63.542,6.174,11.434,1.594,0.399,126.646
18.655,84.094,69.425,6.83,7.856,2.631,0.824,157.397
29.567,71.209,29.209,5.636,4.165,2.401,0.362,122.731
27.565,58.416,59.86,5.676,8.647,2.137,0.306,136.994
18.451,48.124,73.434,6.399,6.527,2.758,0.967,136.63
30.639,77.553,53.683,6.083,5.46,2.067,3.398,146.677
32.486,78.693,35.866,7.03,5.352,0.622,0.264,132.266
26.439,74.978,74.938,5.225,5.434,0.586,1.509,159.234
25.918,54.17,33.734,6.466,6.647,2.358,2.629,113.183
18.093,86.095,41.778,5.523,6.245,1.266,3.398,139.664
31.373,78.892,33.603,6.82,10.691,2.618,3.115,143.265
23.622,74.599,48.226,5.349,7.963,0.684,4.45,143.118
32.939,74.292,45.944,5.593,7.421,0.877,1.385,144.086
24.342,85.696,49.562,7.412,5.167,2.256,0.201,145.99
27.606,86.774,71.399,5.706,11.007,2.434,0.364,169.353
22.596,71.804,48.916,7.211,4.439,2.481,0.619,136.531
20.73,63.75,50.731,5.819,5.916,0.638,4.394,131.512
31.173,61.368,69.334,5.705,8.972,1.316,2.651,159.949
26.442,81.859,65.888,5.897,9.618,1.951,3.637,166.808
27.12,74.007,36.986,7.643,10.409,2.605,4.436,139.289
34.412,48.477,25.646,6.191,7.282,0.974,3.83,113.991
34.381,51.398,56.475,5.731,6.774,1.841,1.953,139.417
32.546,85.508,67.242,6.61,6.308,0.744,3.966,172.897
21.189,84.802,52.643,6.157,8.545,2.193,2.065,152.578
28.103,87.832,35.559,7.371,6.789,0.706,0.69,139.097
32.929,64.253,62.068,7.971,6.625,2.8,2.557,150.706
24.366,80.283,58.477,6.58,4.135,0.621,4.138,145.365
19.719,82.27,53.252,6.355,11.587,2.045,3.574,148.123
31.786,59.206,68.167,6.029,4.485,2.265,1.928,148.052
26.19,51.54,64.212,7.92,6.167,1.019,3.876,142.772
27.595,89.866,58.398,6.45,11.371,1.012,2.196,168.194
34.696,46.36,58.238,5.534,9.883,1.831,3.144,142.905
28.323,71.88,58.11,7.908,8.625,1.913,1.632,154.352
25.225,74.26,51.258,7.883,9.287,2.129,1.037,143.131
24.29,75.681,48.196,6.307,4.776,1.793,1.548,133.901
25.1,56.503,60.48,6.045,10.469,0.819,3.963,138.564
20.013,77.471,55.525,7.041,6.001,2.618,4.456,141.766
31.511,54.738,49.499,7.487,11.65,0.8,1.335,133.056
32.241,82.307,31.333,6.496,5.851,1.757,0.911,135.058
22.835,54.86,60.096,5.992,9.003,2.608,0.506,135.353
23.165,76.352,57.3,5.904,8.363,2.591,3.441,150.955
32.864,80.254,42.112,5.98,5.145,0.803,2.47,141.781
18.407,53.503,42.816,5.354,6.903,0.973,2.591,115.331
26.848,55.709,37.336,7.336,10.25,1.844,0.394,119.995
25.882,80.06,73.096,5.315,5.701,1.209,0.549,160.454
29.732,48.87,68.01,6.195,11.703,2.154,4.133,146.412
20.778,53.584,53.052,7.505,6.364,1.654,2.68,128.866
29.362,65.499,45.083,6.212,9.014,1.039,1.143,134.944
24.404,86.858,61.841,5.884,8.951,1.386,1.092,160.664
28.518,70.285,51.386,7.845,7.766,2.059,1.236,140.872
18.682,62.446,73.793,5.38,9.243,2.284,0.474,147.261
25.849,89.027,27.756,7.655,9.949,1.287,0.414,137.022
26.878,65.867,26.714,5.186,8.952,0.652,3.296,114.266
21.644,64.518,53.431,6.241,8.48,1.248,1.334,136.897
20.374,63.524,35.164,6.895,8.853,1.913,1.853,116.632
21.204,59.048,55.215,6.11,7.216,2.224,2.511,133.152
23.85,59.656,64.071,6.604,4.567,2.511,1.576,144.273
19.646,75.953,31.905,5.612,5.278,2.709,2.259,125.154
34.104,46.838,47.03,6.707,8.854,1.67,3.92,128.022
24.885,75.682,59.433,5.404,11.417,2.512,1.25,152.885
31.752,54.054,66.693,7.388,4.206,1.029,3.602,148.475
34.565,62.289,49.817,6.751,8.352,1.743,1.335,140.0
19.372,51.594,35.308,6.446,6.016,1.695,1.004,105.657
29.078,69.874,54.29,5.164,8.494,2.245,0.512,143.994
32.814,77.821,47.726,6.499,9.997,2.255,3.142,155.124
28.782,60.96,63.596,6.691,9.884,1.085,1.97,144.205
25.293,52.354,52.779,5.797,9.799,2.526,3.513,134.898
25.328,55.193,38.971,7.033,10.231,2.54,0.77,120.881
18.61,81.815,62.72,5.23,4.581,2.676,2.794,150.248
27.088,57.044,50.887,5.626,8.077,1.498,0.256,129.482
34.89,79.862,33.877,7.213,6.094,2.77,1.205,142.922
34.298,59.904,53.154,5.442,11.37,2.284,2.821,147.07
18.687,53.493,72.416,5.737,10.263,1.968,0.441,143.716
29.999,77.729,60.276,6.953,4.86,1.437,1.822,156.666
23.13,66.085,39.94,7.187,5.946,2.422,2.615,124.971
33.351,46.407,60.544,5.154,7.642,2.234,3.329,143.108
18.767,88.197,39.13,5.38,11.703,1.805,3.234,142.577
33.91,51.649,52.134,6.338,4.877,2.793,0.837,133.829
32.237,60.903,51.33,6.778,8.544,0.999,0.523,140.56
19.998,62.316,37.37,6.361,6.73,1.94,1.818,115.502
19.017,67.024,42.394,6.941,9.171,1.171,1.235,121.915
32.19,80.345,72.109,7.268,9.19,1.499,1.514,171.358
20.648,45.274,37.53,7.849,5.925,1.213,1.673,104.363
27.093,86.961,65.051,6.05,10.286,1.203,1.908,171.153
33.568,74.07,58.369,5.489,4.73,1.304,2.43,150.893
27.647,87.779,51.631,5.792,10.545,0.536,0.24,153.714
24.753,81.783,31.876,5.444,5.696,0.496,1.481,128.222
25.565,86.753,35.229,6.183,8.717,2.14,1.337,143.017
19.073,72.045,33.949,7.618,6.778,1.146,1.216,117.883
34.469,61.079,54.34,6.041,8.878,0.451,3.591,141.415
23.281,64.931,73.669,5.446,6.139,0.596,1.281,151.862
21.219,74.611,68.862,6.568,8.552,0.87,0.849,152.406
22.863,64.212,26.263,7.976,4.066,0.516,3.863,113.975
34.394,77.925,38.686,5.565,6.996,2.671,1.847,145.999
19.603,49.133,32.863,7.334,10.611,1.764,0.991,110.411
32.744,82.349,73.784,7.47,7.704,1.346,3.43,174.27
30.033,54.188,36.781,6.204,7.994,1.679,3.026,121.359
32.11,87.478,35.066,6.859,8.973,0.671,4.265,143.016
34.59,52.0,56.044,6.297,7.474,2.084,3.975,139.673
32.317,50.812,52.809,5.787,10.937,2.727,3.186,139.694
34.037,81.534,36.293,6.278,7.227,0.714,0.892,139.24
20.158,81.842,58.518,5.286,11.54,0.766,2.278,148.53
31.528,78.244,29.85,7.121,11.016,1.909,0.711,136.793
27.276,88.224,25.968,7.488,7.369,0.765,2.562,137.451
27.239,57.174,29.121,5.922,6.926,0.703,4.142,115.021
33.282,82.199,43.243,6.699,9.413,2.009,0.216,146.798
34.521,60.842,73.751,5.696,10.042,1.885,3.967,167.298
29.982,69.183,52.362,5.382,5.487,0.923,2.519,139.597
26.21,65.052,62.736,6.991,5.928,2.376,0.85,148.804
25.759,45.263,41.075,5.402,5.17,0.653,3.88,112.146
24.568,70.851,60.967,7.346,10.086,1.198,2.509,150.659
24.147,78.638,73.309,5.815,9.715,2.173,2.127,168.944
24.656,52.855,42.888,7.456,5.512,1.873,2.349,116.761
19.526,86.925,74.953,6.106,8.295,1.84,0.834,162.38
19.316,68.868,56.92,6.107,10.114,2.047,0.685,138.698
31.258,53.021,62.43,7.252,11.576,1.952,3.045,147.691
25.583,74.068,37.608,6.531,5.428,2.498,3.986,140.25
33.822,53.637,57.155,5.603,6.435,1.765,3.186,138.617
28.408,47.859,50.55,7.551,6.787,1.363,3.815,124.992
18.598,75.839,72.82,6.02,9.0,2.239,3.833,156.804
20.678,49.981,70.234,5.308,5.091,1.022,0.338,131.934
21.499,49.78,44.834,6.248,5.547,2.223,3.515,119.012
34.588,78.297,72.343,6.722,10.243,1.072,3.52,172.669
21.718,47.484,69.241,6.83,8.336,1.553,1.705,135.88
26.768,81.44,54.519,7.507,5.283,2.174,1.962,156.038
33.915,80.827,29.106,6.624,7.107,1.906,3.406,139.261
34.612,51.363,33.04,5.671,5.076,0.606,4.442,120.044
22.018,68.327,28.844,5.785,6.902,1.472,4.448,124.078
18.835,49.348,30.4,5.303,7.202,2.348,2.238,101.482
20.611,73.466,73.848,7.208,4.897,2.792,3.595,155.741
19.077,47.832,35.608,5.318,4.479,1.52,2.204,101.738
21.317,87.502,59.543,6.817,11.053,0.606,3.924,157.954
27.666,54.348,56.826,6.791,11.101,1.279,2.994,135.0
33.512,75.73,56.557,7.357,4.021,1.576,4.228,155.651
27.133,50.773,35.335,5.224,9.13,0.576,4.488,117.866
28.642,54.432,53.967,5.609,4.749,2.474,1.62,131.475
21.432,65.293,56.277,7.729,10.481,1.693,4.411,143.926
31.61,70.789,53.52,6.717,11.036,1.399,3.178,152.88
28.502,89.949,34.308,6.373,8.933,1.353,1.224,139.877
32.69,46.167,61.153,7.243,8.905,0.468,0.213,136.632
34.13,45.014,28.662,7.708,6.972,1.645,3.141,115.21
23.914,60.767,54.56,5.789,5.996,1.541,1.156,128.014
19.54,61.477,46.813,7.704,7.994,1.23,1.195,128.582
21.841,84.773,37.514,5.326,5.07,1.981,2.574,131.283
25.443,86.066,65.369,7.933,9.378,1.386,0.333,160.102
34.077,84.624,33.795,5.495,7.761,1.772,1.99,144.398
24.431,51.443,71.649,5.799,5.421,2.524,3.637,144.547
31.103,63.545,69.228,5.29,8.707,1.273,0.317,154.942
27.188,78.565,43.029,7.411,10.363,1.355,2.883,146.132
21.108,59.067,40.258,7.953,8.71,2.478,0.881,120.301
23.452,74.846,31.874,5.891,8.237,1.259,3.91,128.283
29.104,55.671,70.816,5.977,10.782,1.454,1.88,150.419
29.439,59.554,56.377,5.837,4.086,2.322,3.692,140.211
25.391,83.719,26.589,5.464,8.934,1.82,3.312,132.409
21.887,56.273,50.55,7.362,7.278,2.641,3.975,129.304
30.272,88.395,29.29,5.182,5.549,1.53,2.422,136.594
20.871,58.782,53.688,7.903,11.837,1.55,2.29,130.334
33.923,46.059,50.448,7.782,7.231,0.503,0.361,129.484
21.194,56.471,29.142,5.355,6.682,0.874,2.495,107.857
19.824,52.704,65.793,6.589,5.352,1.696,2.444,127.436
26.46,67.807,38.116,7.979,11.982,0.849,2.807,135.603
26.832,50.072,52.074,7.558,10.848,1.489,0.763,129.949
26.639,73.172,56.952,7.145,4.56,1.08,2.522,143.092
25.423,84.37,73.115,5.067,8.526,0.45,2.152,163.58
34.912,61.313,49.691,5.205,5.179,1.54,2.763,137.352
26.267,52.582,70.866,7.382,9.726,1.951,3.04,146.07
26.125,63.001,42.743,6.129,7.873,1.212,1.754,126.204
25.17,80.369,67.872,7.005,4.883,2.264,2.367,163.831
19.136,71.617,36.791,7.218,8.456,0.751,1.899,124.796
28.08,49.551,60.374,6.267,11.285,0.619,3.492,143.972
21.875,69.173,29.431,5.43,6.73,2.644,3.625,121.221
28.839,66.064,74.303,6.16,4.406,2.612,1.46,158.015
18.864,59.72,72.697,7.613,11.562,1.376,1.316,145.085
34.684,49.957,47.111,5.993,5.134,1.408,3.117,129.07
25.973,89.15,51.197,5.188,7.8,2.442,3.528,155.968
33.245,52.922,54.889,7.877,8.357,1.673,0.247,139.289
26.085,53.673,38.752,7.042,5.897,0.681,2.038,116.653
19.026,51.551,58.724,6.623,5.419,0.676,1.523,124.539
31.978,70.659,59.928,7.487,4.905,0.715,3.496,152.725
29.019,64.965,51.254,6.233,4.56,2.274,0.817,135.765
31.29,56.23,32.387,7.955,8.065,1.845,3.546,122.933
25.279,64.324,70.959,7.573,10.736,1.119,3.044,153.995
28.845,75.308,30.752,5.842,5.014,0.789,3.825,131.313
32.556,57.677,56.459,6.113,9.605,0.696,4.458,144.276
28.728,86.186,30.154,5.827,7.301,2.179,2.249,138.724
23.91,58.786,32.305,6.978,4.282,2.526,3.207,115.227
29.263,53.918,26.027,6.918,8.288,1.675,3.253,117.09
29.422,87.956,43.168,6.568,6.016,2.255,3.832,146.339
34.33,81.475,56.979,7.898,8.842,1.08,2.428,163.149
24.306,60.441,51.077,6.417,6.795,1.806,0.663,127.131
25.226,82.864,58.727,7.351,9.332,1.451,4.411,160.361
31.806,68.347,58.751,6.974,11.348,0.61,0.444,150.844
26.598,60.604,32.009,6.555,5.956,1.57,4.338,116.535
30.522,82.783,27.867,5.126,11.519,2.432,1.298,138.831
25.815,78.847,56.268,6.972,5.634,0.524,2.318,148.539
21.663,58.404,57.661,6.928,4.566,1.545,4.288,133.076
30.668,72.301,52.835,5.375,5.542,2.496,3.11,147.346
20.23,61.623,37.288,7.388,10.519,2.296,2.718,123.681
21.376,45.047,65.538,6.401,9.42,1.584,1.601,134.446
28.656,88.282,28.784,5.972,11.767,0.811,1.457,138.742
30.704,69.733,56.616,7.472,9.679,2.436,0.341,153.252
33.21,71.929,31.021,6.03,7.301,0.768,2.721,131.219
22.634,71.995,57.722,6.866,11.139,1.064,2.049,150.074
19.882,69.779,45.886,6.854,11.665,0.698,1.164,131.73
34.253,58.052,60.905,5.158,10.333,1.502,1.852,147.057
20.625,88.721,27.61,6.269,8.453,1.91,4.246,130.724
21.36,72.975,52.754,5.668,10.606,2.385,3.848,144.944
22.953,75.191,32.244,5.599,5.432,1.507,2.051,121.718
27.0,65.466,59.119,6.965,11.203,2.73,4.414,155.87
33.008,57.954,30.998,5.034,11.996,1.83,2.187,123.68
30.929,47.896,28.679,7.907,9.321,1.851,1.701,112.177
30.039,60.76,60.656,6.186,5.567,0.821,1.868,143.471
20.978,52.924,28.177,5.896,5.155,0.856,3.961,107.167
24.081,74.794,36.227,7.76,11.675,1.784,1.351,135.985
26.133,84.555,66.237,6.46,10.971,2.13,1.155,168.347
20.506,58.624,65.484,6.843,9.989,0.891,4.33,142.787
22.648,59.98,67.706,7.088,11.593,1.562,3.357,148.935
23.242,75.166,41.305,7.614,8.027,1.255,3.484,140.99
20.164,51.717,51.402,5.389,11.102,1.453,3.383,130.678
27.354,86.825,63.667,5.245,5.303,0.933,3.137,162.791
29.985,61.373,31.849,7.981,5.462,0.738,0.592,121.583
19.189,49.554,61.22,5.027,8.099,1.169,3.441,130.806
26.179,52.861,29.874,7.125,6.66,2.485,1.27,108.594
31.298,86.974,70.663,6.833,7.46,2.333,0.769,172.406
30.716,56.12,56.866,6.658,10.386,0.644,4.427,147.276
31.856,74.802,49.665,7.357,4.427,0.611,0.32,144.171
25.62,52.027,49.236,7.977,9.767,1.583,0.336,126.87
31.949,53.735,34.068,5.141,4.706,1.066,1.533,119.893
22.093,84.566,42.296,6.844,10.78,2.376,3.83,147.187
24.134,51.661,61.356,7.15,5.615,1.567,4.405,137.24
20.998,45.844,52.047,5.918,9.88,2.446,0.71,122.211
25.947,67.555,51.465,7.679,8.735,0.66,1.9,140.649
24.665,83.823,34.762,6.371,7.085,2.728,3.357,139.928
22.096,59.67,59.518,5.493,6.14,2.241,2.976,139.752
30.78,50.767,44.602,7.563,4.46,2.157,1.204,127.39
23.335,89.2,34.138,7.829,6.827,2.657,1.616,137.962
22.638,75.453,72.189,5.299,5.604,1.529,2.756,157.226
20.225,83.281,50.34,7.255,5.087,0.757,0.352,142.328
25.46,78.846,51.402,5.645,9.908,1.593,3.46,149.239
23.15,76.421,74.069,5.02,5.7,2.357,1.384,155.277
24.278,62.305,43.32,5.782,5.785,2.463,3.762,126.11
22.012,59.595,72.151,7.565,6.724,1.573,3.14,145.395
30.974,77.263,59.746,5.424,7.701,2.158,2.975,157.091
33.81,77.252,56.655,5.392,8.11,0.993,3.5,155.737
26.465,87.776,36.721,7.217,9.316,0.953,0.523,143.836
28.931,70.59,27.588,6.219,8.708,1.807,1.318,124.377
32.742,58.258,46.889,5.445,7.853,1.412,2.443,137.913
34.98,67.029,25.509,5.69,7.152,0.787,3.542,122.831
28.43,72.617,28.55,7.384,6.126,2.227,3.851,127.674
33.126,64.203,54.766,6.87,9.68,1.677,1.843,148.038
33.446,80.601,61.224,7.283,6.54,1.649,3.613,166.066
31.455,71.308,33.397,5.293,10.797,0.854,1.147,135.152
25.836,45.425,61.625,6.374,8.689,0.979,0.554,128.629
19.38,70.643,72.486,7.391,9.072,2.062,1.26,156.237
18.269,73.512,62.159,5.797,8.07,2.445,4.084,144.079
26.112,86.187,64.236,5.508,11.428,0.825,2.539,166.938
26.403,63.617,60.036,6.145,7.373,2.35,2.27,141.08
24.925,70.851,36.237,6.0,7.416,2.291,3.396,131.353
27.659,66.375,43.044,5.556,11.144,2.356,0.243,137.543
27.387,68.925,72.463,7.862,8.839,1.796,0.709,161.051
32.222,48.029,58.061,6.449,7.593,1.244,0.628,130.107
19.847,85.378,64.451,6.824,6.097,2.25,0.723,153.598
21.828,85.969,73.435,5.363,5.96,1.552,2.15,165.483
31.481,69.663,36.572,6.83,10.411,0.932,1.407,136.397
32.413,70.045,41.084,6.666,6.236,1.366,3.579,139.221
34.912,47.59,57.24,7.796,4.046,1.499,3.808,131.627
32.84,71.908,26.218,6.237,4.156,1.613,4.177,130.196
33.128,64.312,53.561,7.346,11.827,2.554,1.043,152.899
23.344,76.907,65.434,5.913,8.479,1.387,2.362,155.32
24.828,47.121,55.522,6.737,7.912,1.084,0.409,125.449
22.557,76.99,39.77,7.781,11.343,2.71,1.232,139.294
28.307,57.91,61.205,6.875,6.813,0.981,2.845,145.388
33.96,74.327,32.302,7.133,10.36,0.427,2.016,137.479
23.859,73.221,69.739,7.628,9.774,2.44,3.17,160.317
27.469,55.208,30.046,7.776,7.817,2.691,3.809,120.015
23.037,64.82,68.175,5.625,10.197,2.037,0.456,148.525
20.887,82.603,49.89,5.588,11.726,1.378,4.236,149.029
21.318,72.252,46.432,6.651,5.605,1.705,0.382,126.337
18.985,48.093,50.033,7.987,4.14,2.397,4.421,120.822
34.138,64.931,35.01,6.47,10.572,2.525,2.942,139.28
24.849,59.03,47.884,5.993,7.229,0.646,0.386,127.974
32.18,73.874,67.486,6.612,8.355,2.483,1.893,166.085
29.583,72.655,65.048,5.193,5.78,1.882,1.31,153.782
21.263,45.468,33.152,5.532,10.734,0.477,3.634,107.496
20.983,72.346,58.671,5.447,9.77,0.66,1.169,145.714
31.804,78.068,67.842,5.084,11.627,0.509,3.753,170.069
22.5,79.593,65.988,7.167,7.802,2.677,1.543,161.238
33.526,47.654,46.282,5.976,11.813,1.424,4.453,131.983
20.381,58.665,27.405,5.506,8.087,2.117,1.363,106.679
29.521,63.957,71.558,6.537,8.971,0.404,3.145,155.776
31.846,53.09,44.794,5.97,9.393,2.304,3.641,130.568
21.999,63.933,43.049,6.179,7.918,1.557,1.131,121.945
22.696,48.201,62.976,5.947,8.502,2.617,0.526,133.18
34.397,50.095,38.199,5.012,5.786,1.65,2.57,122.936
22.498,75.091,66.737,7.065,6.899,2.293,3.111,155.899
25.309,56.816,28.803,5.332,9.616,1.911,3.714,117.09
25.353,77.013,62.036,5.657,4.312,1.649,1.373,145.79
22.302,47.165,73.289,5.571,9.603,2.676,3.951,142.596
31.188,70.322,74.788,5.994,6.43,1.589,4.138,164.552
31.121,62.615,71.19,5.481,6.175,2.542,3.551,157.223
24.431,80.864,68.538,6.041,9.548,0.487,0.233,154.929
32.197,80.278,38.944,5.73,5.72,1.978,0.575,137.995
21.622,61.9,73.332,5.184,11.693,2.588,4.49,154.562
18.073,73.022,71.395,7.612,11.925,2.558,3.356,161.716
27.71,55.24,51.719,5.917,7.665,1.564,2.895,133.459
34.899,71.118,45.104,5.286,7.211,1.533,4.076,148.121
18.657,48.657,30.463,6.565,4.632,2.345,0.37,98.714
21.536,64.557,54.532,5.37,10.226,1.204,3.457,138.113
26.822,53.223,60.027,7.319,5.302,2.649,3.015,138.854
31.769,84.752,45.2,5.185,11.464,1.002,3.847,154.699
19.514,65.021,45.301,6.394,11.925,0.579,3.545,129.034
24.719,71.585,53.666,7.831,4.979,2.253,2.285,138.412
30.7,61.217,26.389,5.477,9.464,1.371,0.505,116.378
24.316,57.993,72.893,5.604,7.728,1.254,4.11,151.48
21.21,54.131,39.495,6.801,8.329,1.17,3.483,120.776
21.323,86.034,32.045,7.94,5.437,2.753,1.733,130.534
24.971,80.976,25.274,6.158,9.788,1.772,4.431,126.901
26.15,50.997,67.845,6.946,5.333,2.781,1.538,142.377
32.651,78.603,68.16,5.457,11.082,1.225,1.793,168.045
28.918,63.834,29.765,6.924,7.632,1.394,4.391,120.959
29.737,45.693,32.612,5.758,9.079,0.908,3.073,105.338
34.711,68.777,47.395,6.84,11.374,1.433,3.981,147.616
25.001,50.852,34.285,5.266,9.904,0.549,4.017,113.629
24.857,54.447,61.791,6.575,8.327,0.401,2.507,133.796
33.697,76.322,27.902,5.712,7.221,1.487,1.348,133.296
22.18,56.571,52.485,7.045,7.697,2.19,3.844,129.968
30.407,85.135,44.14,7.243,6.733,1.449,2.358,149.332
30.828,74.573,48.247,7.544,11.569,1.643,2.627,156.606
19.662,82.453,46.238,7.977,6.023,1.469,2.528,139.742
25.96,72.684,32.658,6.378,7.275,1.664,0.241,125.05
21.41,84.098,36.014,7.012,10.226,2.261,0.397,135.73
21.151,61.276,28.24,5.055,6.915,2.329,2.85,113.847
25.885,69.711,30.764,7.715,11.093,2.411,3.616,132.035
22.92,68.215,73.895,6.847,5.945,0.91,2.165,150.1
31.533,85.671,38.989,6.264,4.251,1.499,1.019,141.316
33.429,52.421,40.351,6.303,9.03,2.394,1.949,126.798
31.646,71.013,31.355,7.274,8.066,2.661,3.504,133.771
22.523,78.949,62.758,7.5,11.464,1.703,0.667,160.244
22.66,61.652,71.207,7.424,7.385,1.583,2.609,150.247
22.33,84.041,64.488,6.532,5.085,2.235,3.22,157.483
20.296,61.786,55.631,6.113,6.638,2.78,1.988,136.853
34.045,52.799,65.662,7.837,7.146,1.422,2.785,148.788
24.835,71.282,45.212,6.903,8.665,0.796,3.999,133.777
21.82,63.926,67.975,6.631,6.196,2.402,1.115,149.07
32.393,45.684,64.926,6.795,8.403,2.105,0.781,140.128
24.786,48.143,25.086,6.89,11.264,0.748,0.462,98.263
18.597,53.787,49.39,7.139,7.39,1.176,3.323,118.138
20.753,79.62,38.231,6.66,9.213,1.728,4.072,139.001
28.867,85.142,29.312,7.626,5.831,2.156,3.169,133.398
31.309,69.554,67.31,7.579,10.411,2.274,4.399,168.026
21.586,49.75,25.397,6.327,6.157,0.774,3.245,100.764
33.596,69.049,61.508,5.506,8.638,0.92,1.441,155.512
32.467,83.502,74.41,6.73,6.402,2.186,1.299,172.846
32.422,78.726,49.101,6.862,4.539,0.679,3.067,149.404
21.87,58.099,43.562,6.57,6.557,1.596,3.106,123.488
18.859,50.575,55.292,7.672,5.696,1.71,2.452,123.335
32.746,85.531,65.235,5.279,11.141,1.214,2.466,168.474
23.199,83.434,37.013,5.862,6.129,2.311,1.992,136.249
28.522,47.417,37.535,7.597,11.795,0.533,1.705,114.143
30.919,82.065,55.359,7.818,7.939,2.266,2.926,162.116
20.181,49.375,71.994,6.278,5.769,1.95,3.414,138.258
31.274,47.848,39.922,5.578,7.131,1.617,3.698,122.834
33.955,79.137,43.838,6.261,5.467,2.494,1.524,140.328
30.382,69.134,74.667,6.368,10.669,0.885,3.888,163.597
25.501,63.655,33.811,6.559,4.96,2.322,1.502,118.595
32.904,85.674,28.848,5.823,10.988,0.851,1.511,142.584
26.967,82.769,54.488,5.938,4.367,2.777,3.666,150.855
30.661,47.593,26.213,6.967,6.397,0.479,4.368,115.663
31.949,72.724,34.022,6.865,5.119,1.728,4.209,133.994
30.739,79.752,56.11,6.986,9.482,0.803,0.678,152.436
22.894,69.772,57.976,6.132,8.099,1.379,1.44,141.841
20.003,89.235,50.521,6.009,11.515,0.755,3.468,149.348
22.052,75.872,44.187,6.055,6.929,0.865,3.667,132.46
26.549,49.686,53.81,7.854,4.326,0.546,2.368,128.225
26.59,53.923,57.169,6.186,10.093,0.419,0.269,134.374
27.905,82.181,65.174,6.818,8.636,2.126,2.358,165.505
24.717,89.854,64.638,6.569,10.619,1.488,0.334,167.994
31.377,49.425,58.24,7.629,7.409,0.509,1.41,136.155
33.524,49.515,69.712,6.107,9.905,2.654,3.024,149.554
22.194,79.352,66.901,6.302,5.369,1.997,0.779,155.08
30.521,47.896,31.662,7.528,11.996,1.034,3.264,115.861
29.526,48.085,72.834,5.483,5.389,1.453,2.872,142.638
26.893,84.997,69.587,6.783,10.638,1.574,2.048,169.357
21.205,81.02,41.046,6.2,5.7,1.768,1.8,133.572
31.519,84.67,26.009,7.957,10.26,2.458,4.133,137.962
34.331,74.273,55.199,7.164,10.89,1.816,2.579,156.107
30.271,59.514,46.921,5.032,11.013,2.749,4.022,139.588
33.604,85.784,62.478,7.518,7.806,2.144,1.974,167.457
34.731,58.443,51.23,7.11,7.431,2.772,2.757,145.835
23.985,57.398,28.825,6.683,10.67,1.722,4.305,120.827
28.85,84.888,37.234,5.708,8.636,2.028,0.734,139.217
26.057,75.637,69.126,5.448,8.97,2.171,1.33,159.692
34.773,85.305,26.884,6.885,5.889,2.211,4.142,145.556
19.595,52.016,61.833,6.32,7.569,0.459,2.015,128.64
25.01,87.853,39.597,7.585,6.956,0.706,1.37,139.973
32.884,72.573,47.632,5.787,9.323,0.947,4.489,150.778
22.829,75.062,51.55,6.913,5.572,1.052,0.64,136.982
31.392,86.133,37.504,5.747,7.246,2.573,2.83,150.411
24.507,62.134,57.598,6.909,10.79,2.134,3.589,142.934
34.66,77.381,59.672,5.145,8.372,0.744,3.583,159.516
33.02,73.815,29.253,6.175,11.168,1.423,2.1,136.826
23.122,80.449,43.696,5.518,5.86,0.983,0.389,134.723
31.093,85.362,62.219,6.818,7.519,2.392,3.816,168.188
23.727,75.603,61.082,5.95,8.003,2.603,3.652,148.802
28.308,48.044,52.23,7.315,7.205,0.794,1.221,125.336
29.194,53.241,63.884,5.344,9.476,1.4,1.664,144.336
32.103,87.929,30.382,6.669,5.19,2.687,2.404,139.868
18.416,88.589,30.911,6.781,8.155,1.977,0.691,132.003
21.743,88.534,57.874,5.066,5.11,2.483,3.728,155.729
30.103,46.656,59.667,5.108,9.034,1.258,4.165,136.524
27.58,62.21,65.726,5.925,10.642,0.903,1.525,152.419
26.425,79.185,34.052,6.827,4.16,2.059,4.173,132.918
18.939,78.88,50.839,7.888,7.655,0.73,3.644,140.909
23.921,48.866,58.042,5.272,7.942,2.416,3.33,130.996
32.707,72.427,36.185,7.109,9.762,2.212,4.367,142.236
18.525,51.429,50.846,7.078,4.598,1.132,1.596,118.993
24.739,67.194,56.922,7.008,7.248,1.597,4.137,140.673
34.068,55.786,35.722,6.548,10.284,2.318,0.623,129.574
18.865,47.392,43.778,7.9,8.257,2.644,2.255,115.7
30.745,48.601,35.817,6.505,9.999,1.245,2.574,121.206
22.379,85.99,70.147,7.515,6.912,2.296,0.728,169.177
32.732,78.509,36.84,5.788,11.361,0.867,3.371,143.227
30.683,86.932,31.042,7.419,4.619,2.568,2.243,136.911
33.057,66.15,26.758,7.99,4.729,2.047,2.159,124.237
21.671,63.598,27.248,7.73,8.228,0.767,2.7,114.788
27.032,61.128,34.579,5.912,7.767,2.176,0.779,123.401
31.248,72.734,55.41,7.538,9.108,2.138,1.06,150.898
22.177,60.82,25.882,5.286,5.832,2.182,0.977,105.713
21.923,78.582,39.337,7.033,5.808,1.228,4.293,130.264
18.462,81.059,27.908,6.026,9.993,2.176,3.525,123.798
34.295,84.413,45.183,6.976,6.334,2.384,2.476,153.008
30.07,55.926,27.429,6.237,9.818,1.233,3.036,117.507
28.805,68.716,55.377,5.027,9.126,0.899,2.995,151.272
30.648,55.055,59.421,5.694,4.667,2.531,1.328,134.048
27.037,46.69,61.567,5.127,9.689,1.89,0.572,134.18
26.094,76.852,36.217,6.282,11.036,1.505,2.586,135.094
25.642,69.704,68.425,7.52,10.533,2.511,1.331,158.14
28.887,77.577,59.514,7.214,4.071,0.726,3.956,151.892
21.426,48.943,27.833,7.367,8.318,2.345,1.215,106.924
33.097,89.799,47.038,7.422,11.307,1.578,2.663,164.618
31.8,89.746,63.388,6.116,8.79,0.502,2.006,168.36
23.943,65.925,40.545,6.518,6.323,2.734,3.394,132.892
27.836,83.973,44.078,6.525,5.556,2.267,4.288,149.803
20.397,55.961,56.48,5.34,9.48,0.915,1.97,133.379
34.53,78.19,27.774,6.794,10.17,2.617,0.391,137.245
33.349,84.565,73.347,7.161,11.301,2.645,3.044,183.785
33.672,81.66,33.724,6.833,11.246,2.321,0.755,142.827
23.647,81.53,26.334,7.238,6.714,0.705,0.649,121.333
20.875,65.836,25.266,5.357,8.831,0.847,3.045,118.233
21.6,81.9,44.978,7.284,4.812,2.21,0.642,134.539
19.53,76.082,69.213,5.624,4.756,2.593,0.754,149.228
20.042,50.96,65.988,7.63,4.572,0.916,2.088,126.028
19.212,50.138,70.602,5.735,11.417,1.506,2.145,136.939
34.827,79.736,51.689,6.476,5.219,0.772,4.129,152.231
19.259,73.146,47.437,6.462,7.859,1.547,1.387,131.451
20.253,68.372,44.293,5.807,7.465,1.942,1.924,129.31
32.063,85.827,27.321,6.085,6.598,0.445,3.242,137.923
27.864,74.682,70.476,5.557,8.302,1.943,3.756,160.876
31.165,62.827,49.809,6.71,4.022,1.935,1.701,134.127
28.726,63.627,47.753,7.739,7.041,1.492,2.914,139.578
32.997,72.236,50.758,5.95,7.835,2.549,2.884,154.495
28.854,79.212,64.708,6.524,10.426,0.724,1.504,164.289
26.876,70.396,36.224,7.586,9.608,0.523,0.71,125.04
30.117,67.894,60.495,6.357,10.798,1.59,3.135,157.208
25.606,77.711,60.538,7.494,7.01,1.679,1.353,157.152
23.883,76.737,67.478,6.339,5.127,1.04,1.569,148.552
25.95,82.366,25.434,6.321,7.208,2.708,2.661,133.063
20.885,47.815,33.52,5.472,11.704,1.009,0.891,107.856
31.542,78.973,48.552,5.375,5.715,1.048,1.238,144.891
22.432,68.119,67.527,6.834,5.398,2.346,2.118,148.733
20.61,48.361,73.256,7.482,11.555,2.615,3.977,147.039
22.188,75.555,54.743,5.406,11.599,1.687,3.521,151.464
32.315,77.244,35.607,7.73,5.194,0.446,1.566,138.064
23.613,68.563,34.229,6.077,10.156,1.253,1.499,121.051
29.663,80.721,56.972,6.276,7.438,0.937,4.446,155.819
32.559,58.511,35.503,7.683,7.938,1.626,3.01,128.239
19.322,54.086,52.654,7.689,7.99,2.038,3.148,131.424
31.005,60.783,66.741,6.575,11.747,1.342,0.437,145.903
23.23,63.452,44.491,5.83,5.477,1.69,0.651,122.899
21.683,76.317,43.924,5.516,10.185,2.224,1.466,133.457
29.711,83.048,26.807,5.815,4.045,0.991,3.821,127.616
33.467,77.441,37.704,7.342,9.029,0.87,4.116,147.234
23.015,52.829,59.91,5.974,9.221,2.334,1.021,132.566
27.67,61.48,43.02,7.084,10.03,0.489,3.271,126.08
22.927,52.129,32.915,5.586,11.408,0.761,3.959,114.099
27.423,75.903,30.288,6.436,10.031,0.43,3.979,137.0
28.572,56.168,29.753,6.056,9.857,1.733,2.173,113.639
28.376,68.642,57.957,6.511,6.03,1.84,1.313,146.64
28.6,80.632,55.631,6.71,11.943,1.674,4.312,164.469
20.296,75.192,50.926,7.973,7.747,1.394,1.389,138.755
29.79,58.427,50.016,7.7,7.34,1.67,1.287,139.521
29.471,59.979,32.657,7.088,8.015,0.865,1.084,118.856
29.604,74.401,50.03,5.461,7.152,2.383,2.49,150.153
19.259,69.726,27.997,7.757,8.749,2.754,0.661,120.675
25.596,49.338,71.293,7.678,6.797,1.697,2.654,142.546
24.954,84.33,27.901,7.66,5.92,1.298,4.258,128.517
19.474,68.068,46.177,6.437,11.424,2.3,2.371,131.584
21.78,66.301,25.029,5.512,11.423,0.863,4.351,111.758
25.496,53.93,64.308,7.263,7.97,1.17,4.095,143.302
30.629,61.965,33.309,6.166,11.697,2.656,3.607,132.687
22.03,59.977,71.246,6.034,7.326,0.847,2.815,145.501
32.106,57.183,27.199,6.172,7.099,0.669,3.987,117.791
27.279,70.533,66.039,6.677,11.335,1.711,2.586,161.598
30.927,65.802,57.832,6.001,9.063,1.81,1.091,148.397
26.033,85.014,37.487,7.07,10.1,1.833,4.178,144.037
26.486,87.36,35.121,6.943,7.302,0.795,2.359,139.901
28.535,54.876,42.884,6.527,7.256,2.131,4.103,133.464
33.776,49.505,66.42,5.162,4.666,0.981,1.891,142.493
26.361,80.34,68.098,7.81,11.734,2.675,1.644,166.266
26.987,89.769,33.764,6.235,5.824,0.947,3.494,140.178
28.234,83.862,42.672,6.348,7.954,0.442,2.928,146.217
30.538,46.066,36.875,6.368,4.917,1.763,2.091,113.191
19.221,56.307,31.132,6.095,9.176,0.887,3.978,109.878
26.767,46.95,57.322,7.024,7.127,1.909,2.421,130.749
26.187,81.935,42.294,5.042,10.141,0.95,0.255,144.318
33.669,71.163,36.269,7.621,8.227,1.427,3.181,140.583
26.39,68.117,68.3,5.307,5.036,0.831,0.472,146.447
25.961,69.95,62.416,7.999,4.086,1.429,2.269,149.409
34.357,56.36,63.688,6.884,5.7,0.728,1.026,144.753
25.66,72.074,26.96,5.199,9.795,1.211,1.241,122.969
21.075,46.38,70.757,6.687,10.628,0.877,4.413,140.333
21.688,74.071,53.737,5.994,6.731,2.359,0.688,134.795
19.618,78.05,50.19,7.859,8.287,2.15,3.458,135.813
18.01,75.286,25.529,7.266,5.92,0.8,2.941,115.943
25.343,59.945,69.883,6.521,11.044,0.599,1.039,146.378
31.077,82.182,52.195,6.289,11.722,0.462,4.222,154.768
30.469,77.199,66.258,7.988,10.024,0.944,1.066,160.721
18.547,50.773,57.776,7.002,4.711,1.552,2.417,126.039
27.69,53.781,64.835,6.542,7.497,1.36,3.599,143.865
20.623,73.67,59.647,6.194,11.924,2.732,3.483,153.88
33.998,58.024,71.048,5.974,5.835,2.301,1.575,154.976
20.845,50.374,36.274,7.116,9.364,0.588,3.809,110.455
28.653,51.974,35.105,6.764,11.509,0.781,4.337,124.475
23.546,52.453,60.627,7.545,10.186,0.464,2.238,136.68
28.907,66.501,50.07,6.661,8.871,0.732,3.005,140.638
25.008,72.332,54.958,6.747,8.054,1.671,1.767,144.833
30.914,52.938,60.427,6.432,11.431,0.584,1.723,144.061
21.922,77.062,52.371,7.288,7.158,0.544,2.22,139.714
33.398,57.646,64.385,6.245,11.21,0.684,1.048,152.584
26.504,59.02,40.943,7.556,7.448,2.007,3.164,128.862
30.854,55.057,67.95,5.981,10.052,0.446,0.912,146.938
32.445,80.334,30.384,7.078,11.326,2.727,0.222,144.072
34.98,88.192,56.7,7.679,8.405,1.314,2.09,163.651
21.807,67.162,69.507,7.307,6.479,1.208,0.529,145.583
22.877,46.891,37.635,6.028,4.408,1.54,2.618,106.435
22.257,56.726,41.342,7.119,10.474,1.643,2.438,124.388
22.469,52.112,40.272,5.621,8.976,1.408,0.79,118.166
27.902,82.924,53.213,5.174,6.104,1.567,1.258,147.448
34.89,48.818,45.644,7.374,11.019,1.215,0.305,138.731
34.835,88.491,30.398,7.424,11.362,1.173,2.754,147.309
26.955,71.483,69.564,5.069,11.097,0.466,1.459,158.137
28.863,68.298,35.234,7.843,8.812,2.012,3.266,133.026
32.619,83.131,51.704,6.338,11.813,1.881,2.908,161.295
33.86,46.24,54.74,7.716,10.998,2.005,1.806,135.975
21.466,79.972,27.038,7.365,4.834,2.659,0.293,124.412
26.985,50.247,29.786,7.702,11.849,1.535,1.577,112.322
32.158,82.835,73.584,7.5,8.39,2.516,1.597,170.703
23.154,68.813,58.226,7.922,11.36,1.465,1.631,143.606
25.477,47.751,26.678,6.887,10.083,1.546,4.3,113.412
34.756,82.496,64.71,5.682,9.181,1.919,0.908,171.278
34.746,46.229,50.427,6.169,6.613,0.918,1.361,123.391
33.404,51.227,28.76,7.256,4.216,0.922,3.779,116.56
31.574,80.902,59.038,5.471,6.214,1.624,4.178,155.067
22.575,65.919,49.968,7.79,9.487,0.565,2.214,134.804
23.454,84.662,35.246,5.616,10.905,0.968,2.522,134.864
27.304,73.594,68.885,7.628,4.019,2.304,0.427,157.314
27.533,73.059,39.569,6.451,5.664,1.513,3.675,136.091
26.594,58.151,39.228,7.522,9.385,0.464,2.757,127.112
28.823,51.016,38.639,7.875,6.269,0.546,2.26,117.442
24.941,88.253,63.373,6.266,5.134,2.607,1.501,160.125
30.736,49.716,60.306,7.09,4.655,2.696,2.108,133.498
23.67,68.805,70.157,5.68,9.103,1.939,3.362,153.03
23.622,57.266,36.467,7.402,8.759,0.844,0.547,118.998
20.163,56.886,64.318,7.46,10.869,1.283,2.379,141.012
21.208,71.756,53.652,5.886,6.519,1.133,0.349,135.868
32.459,80.907,40.434,5.072,5.094,2.284,3.521,148.049
25.587,79.973,26.773,6.294,10.393,1.689,1.107,125.89
21.874,84.096,65.947,5.51,11.905,2.271,4.085,166.806
30.909,58.181,37.054,7.456,6.883,1.265,2.247,122.151
27.418,65.959,56.587,5.783,10.923,2.487,2.166,150.976
18.36,45.42,52.443,7.831,10.1,1.43,1.75,121.349
23.378,78.609,25.222,7.915,11.293,1.402,2.42,130.193
21.009,58.605,74.717,7.727,7.395,1.574,1.654,145.265
29.15,70.267,65.716,6.799,4.81,1.82,1.748,158.33
22.676,52.619,49.324,5.802,4.947,2.546,1.041,126.339
19.104,81.873,59.017,7.422,10.106,1.499,1.684,152.293
18.934,81.777,48.83,7.105,10.907,2.632,3.69,150.11
27.889,84.485,62.229,7.932,7.656,1.345,1.256,160.183
18.369,47.067,31.716,6.132,4.477,1.179,3.731,97.144
32.429,89.661,47.318,5.176,4.534,1.108,3.904,156.824
20.642,56.15,41.777,7.995,8.789,0.451,3.065,117.716
28.312,58.925,47.983,7.515,11.349,2.438,0.332,138.891
25.56,56.22,47.524,5.664,7.197,0.59,2.612,128.572
25.528,57.039,32.155,7.177,9.205,1.202,3.783,119.649
19.221,69.87,73.824,5.002,8.336,1.001,1.773,151.57
31.647,55.791,25.775,6.673,11.118,2.187,1.416,121.258
33.182,62.72,25.504,6.089,10.659,2.638,1.582,125.537
18.187,74.502,43.672,6.144,5.595,2.36,2.019,128.694
21.036,82.621,56.019,5.734,9.42,1.168,0.502,143.902
33.366,76.173,33.983,5.825,10.78,1.494,1.222,141.567
27.341,71.745,51.66,6.364,11.442,0.993,2.982,147.859
20.551,51.648,61.139,5.744,8.719,2.618,2.232,139.863
21.447,81.725,29.703,6.399,5.407,0.685,1.264,123.088
29.22,46.677,74.221,6.732,8.466,2.685,4.203,151.144
30.322,56.889,41.835,7.133,9.327,2.353,1.471,130.979
28.19,47.568,57.121,7.031,6.18,2.108,0.756,131.555
34.204,75.034,30.536,5.726,11.784,2.258,1.057,135.684
26.399,61.577,60.474,5.118,5.835,1.214,1.475,138.694
23.105,74.342,67.023,7.498,11.291,1.11,2.447,159.428
26.113,60.616,30.264,7.617,7.401,1.315,0.485,114.919
24.114,65.508,31.293,7.937,4.004,0.836,3.876,120.369
21.815,65.608,39.052,7.879,8.346,2.191,3.973,128.72
18.781,47.051,25.597,6.901,9.026,1.54,1.569,99.468
23.988,64.36,74.303,7.683,10.955,2.526,3.534,162.854
30.094,73.848,54.919,6.344,8.325,2.508,2.779,152.011
18.313,69.572,55.379,7.362,4.753,0.774,3.835,131.854
25.466,48.388,72.948,7.866,11.415,0.925,1.391,144.301
28.948,75.063,66.601,7.389,8.523,1.386,2.824,158.964
28.377,58.899,65.712,6.247,6.172,0.685,0.513,136.85
31.203,45.65,41.975,6.133,11.191,2.055,0.241,122.244
31.779,52.002,41.743,5.875,4.967,2.17,3.961,126.285
30.099,67.39,39.587,6.101,4.78,2.131,1.467,133.043
19.748,58.968,42.335,7.462,8.28,1.529,2.115,118.466
26.075,76.247,43.475,7.105,8.999,2.424,1.197,140.914
28.258,55.829,32.0,5.75,8.088,1.854,3.97,122.625
22.175,79.776,42.797,7.135,11.432,2.785,1.853,141.108
18.723,57.891,47.337,6.138,6.103,2.357,0.97,122.128
21.801,72.939,40.467,6.673,11.922,2.133,2.814,139.863
25.733,80.965,33.267,6.111,4.155,0.696,1.083,123.365
25.037,62.35,43.671,6.565,4.948,2.398,1.321,126.999
21.003,47.106,49.045,7.189,5.485,1.133,3.093,120.26
32.015,69.095,61.036,7.193,4.637,1.405,4.325,152.346
33.737,89.793,60.562,7.26,7.506,1.511,3.446,174.151
21.423,88.605,35.135,6.173,10.923,1.195,0.734,139.012
33.803,54.946,26.833,7.071,10.566,0.66,1.544,123.149
18.304,79.006,40.19,5.716,9.958,0.878,3.624,134.994
33.724,60.523,32.857,6.432,4.059,2.328,1.383,127.929
34.183,52.212,44.789,6.749,10.926,1.965,3.382,136.249
18.205,74.966,73.967,7.059,7.172,2.663,2.229,153.485
30.971,67.539,34.054,7.736,9.853,2.371,4.003,134.048
34.493,69.265,40.944,5.914,9.815,1.365,1.744,143.043
33.4,82.233,61.256,7.536,5.42,2.287,4.219,168.366
34.502,60.144,50.459,5.933,8.123,1.783,1.952,140.259
27.355,75.019,27.196,6.656,11.409,1.087,3.323,134.84
19.329,61.479,33.085,7.484,6.104,2.74,1.039,112.978
32.446,46.923,71.762,7.169,9.72,2.628,2.482,152.073
28.435,62.011,30.158,7.589,11.664,0.669,1.534,123.886
28.451,87.752,56.755,7.445,6.885,2.415,0.255,155.433
25.093,66.747,64.616,5.829,7.101,0.586,2.08,145.721
27.721,49.87,38.272,7.979,7.621,2.629,0.942,124.789
20.611,75.952,61.254,7.811,10.472,1.898,4.322,151.937
30.576,88.352,33.495,6.291,7.514,0.8,3.677,145.425
19.275,85.858,39.238,5.142,7.89,2.361,3.38,135.162
30.406,70.738,40.591,5.91,5.779,1.638,2.149,132.428
32.433,61.933,74.822,7.508,11.907,0.543,1.314,158.291
26.032,71.13,35.729,7.853,11.139,2.316,1.595,135.889
26.667,81.717,31.46,7.495,8.802,2.292,1.079,133.006
23.308,83.756,71.285,6.19,11.684,1.557,2.573,171.043
34.481,81.848,33.097,5.17,9.496,2.155,3.688,144.197
30.463,65.496,68.964,6.553,11.673,0.496,1.006,156.994
24.273,50.349,57.523,6.129,5.292,1.163,0.22,126.447
20.972,70.613,53.843,5.369,5.804,2.016,0.74,131.417
21.733,52.039,62.567,5.318,11.081,0.953,2.182,135.449
25.887,47.743,61.3,5.459,7.359,1.481,0.28,130.913
34.024,67.44,30.526,5.617,6.969,2.637,1.934,132.562
30.48,74.492,74.973,7.261,10.035,2.384,0.678,166.628
21.659,83.437,72.094,6.145,9.043,1.739,0.663,160.522
32.613,80.228,69.83,6.311,6.753,1.784,3.264,170.975
24.429,83.576,56.114,6.795,7.183,2.529,4.498,159.942
32.479,79.203,51.14,7.88,7.267,2.471,1.036,151.972
22.109,76.646,51.814,7.269,5.011,0.612,1.187,134.947
28.517,45.456,25.747,6.937,5.836,1.517,1.475,102.452
33.753,73.175,49.973,7.231,8.3,0.858,3.576,147.99
22.384,50.422,56.188,7.158,10.255,0.6,2.375,130.363
29.78,47.64,57.935,7.071,7.352,1.102,2.654,131.12
34.784,52.039,41.607,6.489,7.067,1.866,2.55,131.121
20.56,82.048,48.564,6.701,9.204,2.306,4.231,147.508
19.503,78.473,56.816,6.384,5.258,2.59,0.35,145.02
29.461,87.695,46.415,6.185,7.046,1.415,0.879,143.976
23.776,89.054,73.107,5.812,5.665,1.414,1.843,162.418
19.211,85.198,60.272,6.066,9.213,0.768,2.299,155.912
26.08,50.982,25.064,6.286,4.899,0.868,0.69,99.565
30.814,84.527,26.164,6.738,7.583,0.646,4.041,132.383
22.847,82.739,59.515,6.5,8.769,2.742,3.115,156.642
23.696,84.199,45.632,5.324,10.669,0.706,4.209,147.792
32.377,51.826,66.974,6.02,9.796,2.216,4.245,150.802
26.841,50.256,33.651,6.129,11.543,1.163,2.404,117.764
32.326,86.571,25.691,7.121,9.439,1.689,3.868,142.465
25.589,52.822,44.404,5.999,6.794,2.495,3.368,125.139
34.201,61.588,61.803,5.024,5.854,2.647,1.75,152.619
29.064,65.519,73.586,5.253,4.453,0.977,3.027,154.71
19.97,50.6,69.183,6.491,6.221,2.587,4.297,138.472
33.047,45.929,49.204,5.565,5.095,1.005,3.485,128.427
26.318,89.734,65.641,6.484,6.954,2.332,3.25,169.382
20.408,84.45,28.517,6.723,9.621,0.437,1.154,124.611
20.596,86.055,53.614,7.8,9.536,1.685,3.774,153.208
29.688,57.805,71.215,6.967,6.545,2.142,1.876,152.383
18.805,54.905,44.819,5.093,8.068,2.413,2.884,118.615
22.872,64.164,73.005,6.142,5.734,2.419,3.114,150.214
20.376,65.399,36.034,7.38,8.024,1.117,2.416,117.338
25.498,45.252,30.282,5.782,8.081,2.448,0.912,98.815
25.044,80.066,51.238,7.775,6.41,1.177,3.199,146.242
26.872,89.85,70.362,6.587,6.076,0.961,1.263,167.843
22.754,68.791,40.564,5.277,11.837,0.404,1.341,126.204
18.545,62.472,65.008,5.725,8.297,0.966,0.745,140.946
28.445,62.674,33.46,7.719,8.497,0.684,2.866,122.012
24.353,49.323,62.279,7.974,4.062,2.02,0.705,132.592
29.073,56.977,52.851,7.589,5.455,0.747,1.684,133.739
19.847,67.596,33.751,5.962,6.853,1.805,4.025,126.321
18.234,64.433,60.904,7.306,11.728,0.704,2.148,141.874
22.221,69.527,60.688,5.667,5.402,2.091,4.046,141.242
25.761,83.208,50.772,6.154,6.426,1.085,2.319,150.23
24.699,55.136,36.273,7.092,11.921,1.141,0.969,123.734
31.775,46.245,31.615,7.907,7.849,1.937,3.463,112.16
24.423,46.72,72.863,6.318,6.547,2.653,1.72,141.863
27.018,51.038,57.791,6.488,9.075,2.78,4.356,141.168
28.09,70.672,65.462,5.661,7.97,1.257,1.327,152.379
18.371,81.368,59.849,6.21,11.66,2.671,3.735,149.384
26.757,84.906,66.474,5.189,4.666,1.87,2.324,160.441
23.862,73.58,33.125,7.576,10.324,2.576,3.821,131.675
25.162,63.141,49.848,5.07,6.233,0.467,0.987,132.938
19.705,51.953,58.356,7.051,10.453,0.48,2.925,130.092
31.308,63.064,30.169,5.82,10.782,0.579,0.687,122.188
34.021,59.959,32.498,6.428,10.794,2.331,3.664,129.986
18.379,84.151,56.699,5.845,10.934,0.731,1.213,149.325
28.223,66.902,68.435,6.2,9.745,0.824,2.039,155.009
30.985,55.179,58.021,6.64,5.139,1.805,3.021,137.413
22.842,57.996,26.81,6.923,4.415,2.698,2.256,109.649
31.388,51.141,73.522,7.821,6.726,1.761,3.549,150.588
28.75,86.336,31.975,5.997,7.961,2.158,3.159,134.669
33.796,47.266,36.628,6.755,6.421,0.851,0.761,118.334
34.677,45.578,73.748,7.705,9.938,2.594,3.526,156.623
18.72,53.235,63.552,5.871,9.78,0.534,2.021,132.748
25.564,81.489,71.829,7.595,11.775,1.079,2.77,168.12
27.299,68.556,65.331,7.873,7.205,1.489,1.131,151.179
20.495,73.163,57.587,7.542,10.286,0.943,2.019,147.101
23.717,61.098,39.228,6.71,9.93,1.993,3.714,125.754
34.79,48.091,41.344,7.166,11.91,2.029,4.183,134.659
18.276,83.527,72.364,6.443,10.189,0.908,4.236,160.089
25.693,53.635,68.031,6.792,6.269,0.421,3.21,141.351
32.325,46.488,42.975,7.923,4.122,0.578,0.539,117.945
23.506,70.772,43.663,5.753,11.745,0.401,2.103,137.031
26.157,48.748,39.885,7.378,9.729,2.573,1.03,117.193
34.627,49.309,41.307,6.519,10.501,1.892,3.2,128.232
26.073,81.017,68.033,5.531,10.346,0.732,0.894,157.756
20.226,67.122,25.525,6.931,9.886,0.622,4.404,114.963
18.879,55.868,46.803,7.377,10.012,2.362,1.037,124.064
34.072,60.688,72.142,6.706,11.436,2.346,0.427,156.436
22.519,77.816,52.132,7.512,11.313,2.626,3.827,149.911
26.569,47.986,47.522,6.098,7.034,0.782,1.07,121.308
19.542,50.242,40.618,7.741,4.248,1.653,0.303,108.111
25.202,72.732,28.696,6.945,4.309,0.692,2.557,120.565
33.812,72.314,36.224,7.409,7.573,2.31,4.368,137.564
26.541,88.761,29.523,5.819,10.68,1.39,1.35,137.922
34.509,61.855,31.335,6.338,10.781,2.07,1.958,130.053
22.4,47.928,33.176,7.729,7.235,0.473,1.22,104.994
26.577,69.189,40.101,5.153,6.413,2.267,2.599,131.711
32.612,73.726,25.551,6.212,8.053,0.951,1.588,126.679
25.62,51.282,72.507,7.341,10.66,2.423,2.743,148.229
22.751,69.879,31.191,7.231,9.092,0.846,2.255,119.932
32.543,53.9,44.157,7.555,5.118,2.296,4.194,133.749
24.628,83.013,68.976,7.218,6.898,0.722,3.081,159.328
27.022,82.582,30.328,7.841,8.443,1.992,3.135,137.327
34.601,64.333,49.18,6.495,8.306,2.27,2.292,149.123
21.17,88.503,67.239,6.873,10.645,1.327,1.504,166.766
23.124,89.09,52.848,7.543,11.457,0.986,1.55,156.65
18.528,50.816,35.517,7.105,4.804,1.227,2.367,106.193
24.661,61.547,61.775,5.306,5.795,1.112,1.025,137.463
21.403,72.014,59.067,6.101,7.137,1.919,0.769,140.291
29.561,48.818,43.109,6.658,6.371,0.507,1.801,119.05
21.082,62.219,27.315,7.264,7.266,0.499,0.761,110.251
29.472,56.753,25.393,6.631,4.326,1.091,1.192,110.25
22.479,87.842,66.27,7.333,4.528,1.065,2.501,161.424
24.039,63.521,41.078,7.513,10.707,0.825,3.597,133.267
23.931,79.32,31.888,5.795,4.821,2.12,1.167,126.244
30.185,62.402,50.928,6.848,10.593,0.457,3.604,142.316
25.931,50.932,71.042,6.671,6.452,2.618,0.267,136.844
24.142,83.842,25.424,5.682,6.474,2.218,4.487,135.674
32.495,45.019,27.807,6.47,4.806,1.367,2.423,106.756
27.723,47.517,45.852,6.646,4.106,2.461,2.246,122.124
21.635,61.397,58.798,7.452,6.842,1.884,2.997,137.015
33.302,75.91,48.805,6.383,10.683,1.769,2.243,151.446
23.825,60.377,69.877,5.243,11.36,1.151,1.954,148.147
18.663,47.984,27.204,6.462,4.493,1.991,1.795,93.719
26.408,59.303,42.007,7.514,4.247,0.735,4.405,118.89
20.107,56.024,42.567,6.714,5.27,1.66,3.904,121.656
22.054,45.244,42.006,5.957,10.13,0.679,2.36,114.726
30.701,69.066,49.384,7.763,5.639,1.468,3.797,141.16
20.223,50.249,64.529,5.467,5.846,1.879,0.841,130.226
31.718,57.937,40.894,5.981,11.112,0.773,2.477,133.273
33.927,73.854,62.224,6.311,11.0,0.933,2.136,159.621
28.311,77.63,32.323,7.214,9.362,2.352,1.597,136.513
30.076,56.856,53.036,7.507,5.312,1.014,4.149,139.082
30.131,59.814,43.754,5.176,7.049,0.629,3.78,126.884
34.878,56.111,51.961,7.376,5.889,1.194,4.1,141.477
23.806,88.06,30.387,7.162,9.375,2.644,2.931,139.949
20.769,53.573,72.673,7.684,10.239,2.065,1.818,149.749
26.826,53.243,70.311,7.701,5.137,1.781,3.454,146.592
27.065,65.027,66.32,7.333,11.184,2.417,0.667,152.488
21.025,53.519,69.639,5.571,7.703,1.984,3.868,140.667
28.423,52.052,32.334,5.942,10.36,2.347,0.324,121.473
18.24,49.315,50.186,7.809,4.413,1.977,3.718,117.713
33.77,73.808,40.895,6.795,6.885,2.474,3.227,145.527
22.498,72.544,69.369,6.616,4.118,1.898,0.58,148.899
18.673,74.257,34.472,7.747,9.748,1.036,0.832,126.853
19.84,79.799,35.997,7.623,4.636,0.499,2.145,129.143
22.084,59.686,59.336,7.182,6.706,0.653,1.489,133.965
22.656,86.329,29.445,7.647,10.254,1.63,3.929,135.781
18.558,77.994,61.618,5.342,9.992,2.732,1.029,148.671
22.749,81.212,38.406,7.273,9.122,2.223,1.993,133.608
21.28,77.443,58.047,7.897,9.552,2.261,1.32,150.004
24.437,61.131,68.652,5.147,9.21,1.993,0.747,146.896
24.548,57.736,55.481,5.669,9.13,2.568,1.317,133.516
23.763,64.013,35.634,7.382,6.797,2.165,3.898,119.982
23.575,49.366,27.458,6.56,4.225,1.02,3.277,103.027
19.525,65.308,27.231,5.26,7.535,1.599,4.131,114.624
18.428,46.941,29.441,5.804,4.364,1.37,1.943,97.449
21.436,45.178,53.991,5.972,7.751,0.797,1.234,116.667
30.863,86.917,42.411,5.963,7.713,0.934,0.313,147.711
34.844,76.02,37.155,7.633,5.43,1.084,2.329,139.398
33.785,70.283,35.965,6.986,10.274,0.817,0.371,137.528
26.572,60.35,72.429,7.205,9.634,0.922,0.218,148.189
27.041,70.674,30.941,5.041,8.476,2.599,2.8,130.809
23.348,85.121,40.241,6.283,11.407,1.224,0.909,145.314
31.157,74.357,48.574,5.953,6.297,2.386,2.607,146.689
31.001,72.112,25.022,7.556,6.096,0.555,2.666,125.135
32.353,65.709,71.048,7.862,5.467,2.756,3.313,163.052
33.224,60.556,29.955,6.27,8.356,2.236,1.847,122.134
25.384,76.435,59.124,7.919,5.643,2.576,3.232,151.425
31.037,89.144,56.443,5.043,10.951,1.662,1.774,165.109
31.709,64.114,65.453,5.977,6.434,1.923,0.62,155.599
23.244,62.649,57.569,7.325,7.927,1.266,1.533,134.827
33.797,64.265,63.469,6.08,8.236,1.437,0.233,155.601
19.604,64.149,46.062,7.763,6.461,2.202,2.189,126.878
34.903,89.578,49.435,5.655,9.907,0.52,3.383,162.339
31.092,76.805,60.083,7.387,9.537,0.488,3.574,162.487
19.586,61.163,53.421,5.605,10.086,2.5,1.198,137.491
29.156,61.718,50.577,5.591,8.847,0.664,0.654,135.928
18.581,64.386,35.278,6.337,7.681,2.13,0.997,119.723
31.093,46.652,37.905,7.835,7.591,0.879,4.43,118.3
31.587,68.752,42.925,6.756,9.732,1.279,1.542,137.87
28.241,81.512,25.464,6.905,7.016,1.105,2.046,125.72
32.567,74.726,45.868,5.029,7.498,1.577,0.525,141.574
19.664,53.929,25.138,5.17,5.309,2.384,3.594,104.143
22.691,77.762,53.251,5.201,9.437,2.501,2.129,147.443
25.041,77.376,60.201,7.459,4.615,0.933,0.576,151.747
18.722,56.814,53.107,5.711,11.924,1.21,2.234,134.552
25.62,73.029,59.676,5.987,5.15,2.409,3.267,148.77
22.509,72.493,25.001,6.83,7.064,0.615,2.234,115.078
24.676,82.79,27.972,6.752,5.902,0.681,4.365,132.557
25.227,51.123,59.923,6.232,6.325,1.551,3.948,137.535
32.95,53.768,65.145,5.013,6.58,2.296,2.414,147.311
22.596,66.869,60.885,6.349,9.747,1.206,4.244,148.555
33.194,46.987,58.151,7.217,5.414,0.567,3.689,136.712
25.242,63.702,60.369,5.706,6.111,2.723,1.784,139.829
23.573,80.47,61.979,7.125,4.81,2.653,3.517,152.269
26.543,51.692,61.219,5.045,6.652,1.965,2.375,135.298
25.102,65.698,61.9,7.724,11.53,2.037,2.518,150.23
22.375,89.54,28.701,7.85,7.041,2.641,2.439,135.895
26.546,67.766,28.164,5.007,10.219,1.945,3.656,124.476
20.581,67.425,43.056,6.373,7.694,2.292,4.15,126.429
23.983,70.146,51.38,6.241,7.597,1.512,1.574,132.941
27.618,53.37,63.131,7.526,10.592,0.947,2.96,145.194
25.028,51.622,41.735,6.622,4.215,2.398,2.902,116.708
32.007,75.481,38.756,6.834,10.919,2.043,4.016,145.272
22.364,62.81,64.072,5.608,7.882,1.095,2.123,140.284
34.486,58.046,37.467,5.231,6.809,1.896,1.018,124.401
31.34,46.413,66.042,7.077,11.255,2.36,1.073,142.038
34.449,83.072,33.857,6.862,6.719,1.049,0.42,142.885
32.248,46.455,42.974,7.497,11.822,2.244,0.633,126.298
20.416,78.749,45.054,7.534,11.491,0.574,1.495,140.439
26.95,62.189,39.976,6.893,6.143,1.9,0.641,126.72
20.89,71.941,25.168,6.615,6.725,2.797,3.946,120.363
31.91,56.146,36.775,7.742,10.497,2.479,1.757,130.942
27.931,51.993,41.883,7.404,5.565,2.502,1.784,121.99
22.479,69.002,40.681,7.647,9.856,2.033,3.457,136.594
33.803,76.303,64.278,7.988,5.033,1.507,1.496,162.393
19.958,53.797,27.368,6.211,5.645,2.025,3.275,107.151
27.586,64.636,44.447,7.151,8.004,1.171,3.736,132.527
30.258,65.009,26.876,7.064,9.967,1.727,1.749,124.447
19.0,54.719,71.532,5.522,9.915,1.695,2.255,137.133
28.164,70.427,64.51,6.91,8.871,1.705,1.586,158.018
31.87,51.567,74.108,6.284,6.177,1.389,2.02,148.004
19.148,67.939,70.508,6.352,7.323,1.247,2.697,147.099
26.708,50.104,40.791,5.54,5.97,1.193,1.703,112.565
22.395,66.849,59.579,7.234,6.216,0.939,2.196,140.189
29.27,59.022,40.328,7.094,6.586,1.453,2.334,126.034
20.018,65.351,69.411,6.597,8.791,0.683,0.305,149.008
33.93,64.519,45.538,5.47,5.661,2.564,0.904,139.238
33.21,85.857,43.794,6.671,4.341,0.567,2.528,147.222
21.162,67.047,70.703,5.3,9.54,2.41,0.211,145.748
23.496,81.832,66.837,6.018,4.174,0.979,3.228,150.478
27.99,55.154,73.321,6.117,11.766,2.448,4.093,154.079
30.207,60.844,28.324,7.65,6.802,2.129,3.445,118.59
25.525,48.379,37.167,6.247,4.053,2.61,1.551,112.199
20.657,63.934,40.043,6.795,11.077,2.489,2.134,126.895
19.771,75.091,46.218,7.624,8.798,2.083,2.998,138.082
34.996,82.718,48.657,6.277,10.539,0.764,3.126,155.711
25.741,70.466,39.574,7.651,7.48,1.718,4.403,135.103
32.833,73.803,64.523,5.409,6.833,1.216,2.32,154.928
26.2,52.977,36.162,6.095,9.242,2.526,1.273,118.284
33.68,46.674,59.826,5.284,7.248,2.493,1.757,140.038
19.492,80.626,67.588,6.683,8.45,1.154,4.167,156.951
19.938,52.517,55.185,7.872,6.223,2.012,2.921,128.316
33.804,49.103,42.708,6.971,6.661,1.212,3.916,122.202
34.107,87.19,34.395,6.878,4.658,2.028,3.314,140.905
23.35,88.358,31.717,5.834,10.251,1.873,4.351,141.194
24.038,72.732,62.209,7.793,6.791,1.626,2.355,152.586
25.692,62.039,48.457,6.415,11.8,2.508,4.285,139.413
25.075,82.496,27.316,5.801,6.078,0.991,4.009,134.278
21.231,54.212,74.192,7.963,7.8,2.314,3.825,144.047
33.272,64.323,58.565,6.269,6.444,2.055,4.238,149.223
22.306,61.066,67.209,6.114,9.551,1.075,2.46,145.415
29.99,86.071,46.909,5.105,10.467,1.412,3.394,156.123
19.142,86.39,72.772,5.535,7.896,0.566,2.588,160.524
18.659,74.29,34.976,7.428,6.935,1.834,3.538,123.287
29.113,49.983,34.257,6.448,9.958,2.531,3.484,122.353
23.763,66.699,69.517,7.865,5.532,0.683,3.461,150.483
29.143,56.04,69.586,5.252,8.796,0.717,2.042,146.581
19.598,84.821,49.951,6.848,9.869,1.539,3.624,149.353
34.147,51.228,31.289,7.16,6.154,1.075,3.969,118.988
30.725,47.444,40.261,6.864,9.246,1.065,2.936,121.881
32.897,76.699,62.708,6.59,9.882,1.933,2.155,162.945
20.32,65.398,67.3,6.735,4.939,1.385,3.869,142.534
23.443,82.726,42.383,7.069,6.591,2.427,3.547,140.08
24.262,48.358,28.062,7.59,7.25,1.429,2.219,104.343
27.132,81.048,58.286,6.009,10.208,1.877,2.693,158.244
23.047,46.68,61.975,6.379,8.54,1.355,3.149,127.194
19.031,46.263,46.201,6.908,7.596,1.014,3.16,116.712
24.271,65.759,54.155,5.943,6.55,1.531,1.537,136.541
22.327,54.958,74.369,5.536,4.032,2.129,1.459,138.934
24.561,71.717,37.25,7.899,4.162,2.687,4.016,134.811
21.348,46.162,53.649,5.584,5.924,0.501,4.229,120.586
22.452,46.593,55.548,5.698,4.934,1.676,1.929,118.25
28.658,77.722,52.455,6.856,4.957,1.926,4.128,153.903
24.599,54.457,68.456,5.232,8.822,0.606,2.224,144.785
23.872,74.539,55.25,5.102,8.844,2.39,0.919,142.967
27.076,78.746,50.395,5.192,4.358,1.062,3.351,143.211
31.122,47.67,31.151,5.37,8.751,2.5,0.397,112.19
24.441,79.639,60.16,6.288,5.167,1.726,0.69,144.747
27.988,57.079,31.605,7.488,7.018,0.765,4.246,119.791
34.425,62.53,26.328,6.026,11.917,2.174,2.426,129.983
26.874,48.899,49.427,6.283,8.176,0.777,1.345,125.295
33.467,82.738,53.622,6.801,4.274,2.129,2.266,156.416
31.492,70.233,74.953,5.906,6.781,2.34,2.686,167.701
18.998,67.71,60.616,6.298,9.367,1.781,2.947,140.095
25.295,88.585,67.43,6.159,5.797,1.051,1.697,167.514
29.871,60.053,42.319,6.026,11.716,1.45,1.866,131.088
34.774,85.085,50.446,6.165,7.402,1.667,2.564,157.076
25.792,77.386,73.713,5.033,4.169,1.998,2.895,159.669
19.577,86.784,45.869,7.659,8.325,1.921,4.162,144.799
27.554,85.851,65.365,7.932,9.41,1.361,1.887,165.913
20.152,89.596,51.299,7.587,7.648,2.22,3.961,152.215
30.776,50.925,36.198,5.017,11.425,2.251,4.471,125.992
26.631,80.821,54.021,7.253,11.215,2.071,1.658,152.881
30.298,81.202,35.903,6.719,5.112,1.053,0.317,135.705
32.779,73.997,25.151,5.283,4.64,1.527,2.799,123.255
28.692,57.549,36.795,7.799,6.498,1.439,4.086,126.41
28.411,88.432,34.657,7.329,8.865,2.36,0.43,145.151
30.828,54.199,43.546,5.436,8.813,2.34,1.048,128.128
32.322,67.481,69.43,7.892,6.173,2.479,3.107,159.425
32.774,68.467,44.393,5.379,11.609,0.955,3.682,144.777
18.619,52.282,67.259,6.364,6.459,2.196,0.573,130.279
27.455,77.514,52.781,5.477,10.434,2.489,1.764,151.382
21.677,48.999,25.381,5.451,10.656,0.8,1.227,101.063
32.626,76.189,34.437,7.903,4.787,0.496,4.349,143.349
29.023,83.188,71.564,6.716,5.86,0.653,3.135,164.202
25.144,60.723,55.209,5.778,5.722,1.855,2.245,128.317
21.198,76.924,71.477,7.329,11.357,1.412,3.908,161.407
23.763,52.055,40.506,7.626,6.809,0.868,2.512,112.623
29.964,83.068,60.828,7.753,10.692,1.668,4.119,165.101
21.474,87.841,63.601,7.799,7.824,2.285,1.227,156.723
19.591,51.871,73.785,7.717,7.658,2.454,0.318,138.015
33.096,76.134,25.909,6.917,11.227,2.204,2.044,132.734
30.992,67.762,72.612,6.027,7.527,2.525,1.078,162.935
21.397,68.917,44.58,7.777,9.959,1.85,3.794,135.433
22.969,76.792,66.9,5.367,7.395,2.409,2.492,158.624
34.525,66.993,52.236,5.506,4.815,1.401,1.441,143.042
30.039,72.015,53.232,6.301,4.425,2.446,3.526,149.419
28.379,55.391,42.969,5.851,5.666,2.55,2.466,124.826
23.23,62.033,66.424,6.847,9.778,2.047,2.362,151.828
23.085,83.936,38.201,7.716,6.989,1.435,0.977,137.273
18.672,49.946,49.612,6.473,7.633,1.076,4.479,118.694
30.384,71.891,53.009,6.662,4.815,1.18,3.034,146.944
18.734,53.293,62.126,6.269,8.984,0.718,3.876,133.05
18.083,83.094,48.582,7.123,10.428,0.513,3.467,142.99
30.401,71.057,59.014,5.302,8.997,1.395,2.363,152.383
34.131,63.137,49.265,5.146,11.877,0.502,0.242,142.95
30.861,56.242,57.966,6.924,4.131,2.513,3.067,134.987
26.018,64.658,58.707,6.605,4.125,1.96,0.633,137.881
26.263,88.093,60.472,6.222,8.0,2.425,4.334,166.481
25.414,67.914,66.165,6.002,6.131,1.467,1.272,148.537
23.519,66.127,52.036,5.155,9.492,0.937,1.78,133.175
26.869,78.582,34.664,7.042,10.346,1.097,2.572,130.902
25.33,62.057,58.982,6.264,4.819,2.451,2.361,143.8
28.169,64.234,28.856,6.336,11.339,0.693,3.017,123.228
33.268,60.163,35.948,7.68,4.239,2.076,3.569,131.854
34.915,51.791,64.608,7.213,9.507,0.942,3.458,151.357
19.339,77.121,46.754,5.658,7.076,1.248,4.105,134.834
24.54,84.286,49.902,6.971,9.34,0.407,2.221,142.356
21.072,85.752,74.37,5.397,4.781,1.55,2.497,161.789
23.986,84.636,36.759,5.582,11.497,0.708,3.959,141.188
22.887,65.33,25.978,7.142,11.499,2.463,1.414,119.877
20.967,57.783,30.569,5.378,8.155,0.635,1.257,105.834
30.989,73.707,37.225,5.841,8.077,1.001,0.239,134.148
26.437,87.962,61.296,7.694,9.078,0.436,3.375,163.957
33.627,77.717,63.791,7.215,8.641,2.783,3.157,169.638
18.554,67.268,53.274,7.788,8.348,1.939,1.39,134.07
19.139,75.996,37.752,7.646,8.714,1.945,0.759,129.717
24.856,79.764,51.087,5.938,10.869,1.645,0.383,147.865
19.365,86.367,25.748,6.897,8.889,2.483,2.298,130.815
22.466,79.345,59.09,6.136,5.567,0.746,1.032,143.855
34.763,64.494,55.715,7.091,11.311,2.303,3.612,146.958
21.552,57.312,26.09,6.045,5.728,2.337,4.285,108.563
21.368,67.495,65.851,5.004,5.321,0.487,3.54,142.948
27.752,59.768,63.171,5.282,11.976,0.718,3.862,145.659
26.466,87.424,40.411,7.313,5.707,1.713,4.46,142.405
27.867,67.858,56.769,5.252,4.801,0.616,3.385,140.619
24.404,66.243,55.075,6.798,8.496,1.078,2.639,140.244
32.055,60.669,32.159,7.573,10.618,1.369,3.683,129.351
20.356,73.773,34.663,7.223,4.486,0.777,2.625,116.325
25.283,68.402,59.16,6.24,7.921,2.09,2.06,141.645
29.726,50.807,71.678,5.626,4.548,1.588,0.34,144.55
32.76,84.114,53.814,7.768,7.43,1.936,2.965,160.26
24.283,61.156,53.391,6.699,6.752,1.538,4.059,136.085
27.652,64.466,57.334,6.216,5.097,1.39,3.181,138.308
19.175,54.255,47.029,7.826,11.448,1.582,1.938,124.194
20.895,69.903,27.709,5.645,9.079,2.559,2.853,119.244
19.175,76.592,44.825,6.327,10.744,1.35,3.696,136.608
30.374,84.652,70.013,5.326,11.248,1.941,3.486,170.82
22.897,47.322,65.247,5.375,11.441,2.402,2.312,135.187
30.304,88.8,71.371,6.196,9.985,1.891,1.755,180.742
19.129,76.672,32.642,7.099,6.456,0.943,1.907,121.612
32.663,57.793,50.298,6.017,10.631,0.693,4.104,142.727
32.204,54.201,54.236,7.069,8.161,1.818,0.93,136.978
19.512,58.324,35.496,7.416,6.173,2.146,3.911,115.315
18.404,84.408,35.049,7.633,7.086,2.245,1.04,129.341
18.957,58.113,64.102,5.134,6.41,2.065,4.418,140.985
32.512,65.827,58.593,7.321,7.73,0.408,2.128,149.408
21.99,76.758,57.359,5.441,10.251,2.257,3.354,148.775
27.321,84.24,38.349,7.095,7.879,1.851,3.336,142.86
25.246,74.636,50.338,6.115,6.143,2.772,3.522,146.879
31.524,78.89,26.153,7.123,4.699,2.235,3.594,125.007
26.311,52.8,31.497,5.641,10.846,1.432,0.368,114.171
26.511,84.483,50.913,6.935,7.339,2.023,1.375,152.183
34.815,57.407,40.484,5.377,7.535,1.878,1.188,127.975
20.552,50.777,73.283,5.509,10.11,1.21,3.204,142.676
32.122,88.931,48.574,6.843,10.798,1.68,3.138,162.905
18.88,54.074,29.178,6.01,8.089,0.891,1.477,100.866
26.12,51.149,25.892,7.111,9.059,0.611,3.612,111.38
33.068,73.171,61.263,7.055,5.913,2.159,1.54,157.006
29.309,59.349,33.575,6.865,11.481,1.322,1.675,124.544
29.649,51.001,34.391,7.192,8.543,2.214,1.915,119.369
22.476,72.05,46.19,7.382,9.757,1.572,3.402,140.537
25.116,79.154,38.203,7.734,4.914,2.343,0.251,138.984
24.232,80.694,55.829,5.242,9.095,2.175,4.098,155.366
26.865,51.998,49.285,6.715,6.952,2.234,3.176,130.937
25.858,70.059,30.573,7.246,7.601,1.43,2.722,125.441
23.557,81.616,64.237,5.651,9.457,2.707,1.221,163.51
23.193,52.249,46.293,5.791,10.371,1.373,3.578,121.483
22.264,54.346,55.542,5.801,6.795,2.304,3.953,127.339
24.206,45.109,25.197,6.717,10.986,1.575,2.357,104.616
20.549,68.609,56.32,6.099,5.752,0.964,1.458,137.016
32.826,53.761,39.142,6.998,8.503,1.909,1.836,120.598
28.236,77.591,49.719,6.831,5.21,1.526,1.99,144.605
20.274,88.3,39.886,6.971,6.314,1.034,1.515,136.494
29.796,54.394,74.813,5.757,11.163,1.318,3.262,157.538
32.41,74.209,36.542,7.302,4.092,0.784,1.671,134.422
22.038,54.533,70.643,6.992,11.325,2.769,3.731,144.369
20.56,45.81,70.898,5.392,6.627,1.944,2.194,130.924
18.146,79.135,46.05,5.601,9.566,0.817,2.905,134.857
18.803,64.53,40.2,5.903,4.734,2.235,4.276,123.737
30.958,87.605,44.052,7.808,9.13,1.845,2.118,155.178
34.782,69.043,74.467,5.979,11.276,2.134,0.932,167.405
18.763,52.087,55.94,5.06,8.442,1.803,2.565,126.439
30.717,65.24,52.239,5.425,6.897,0.545,2.336,137.254
19.222,54.13,26.796,5.097,10.349,0.888,3.565,111.288
28.066,84.511,67.392,6.209,9.702,2.245,3.899,171.656
30.853,76.091,29.19,7.391,4.942,2.21,3.264,133.917
24.106,60.356,27.349,6.351,9.326,2.209,4.377,121.378
18.186,68.752,38.743,7.517,9.317,0.437,1.358,125.029
28.118,75.127,48.789,5.143,10.015,2.332,1.229,145.721
34.851,80.229,69.764,6.409,6.53,1.454,1.453,168.231
22.379,48.607,64.504,7.361,7.21,2.065,3.085,138.18
21.221,46.013,34.882,7.024,11.68,1.053,1.2,108.801
20.107,50.15,43.604,7.558,8.588,2.247,0.58,114.26
27.439,62.775,64.012,5.822,8.068,2.757,4.404,156.223
28.14,66.002,51.355,6.503,11.895,1.008,1.553,139.998
31.469,51.141,33.725,7.031,5.836,2.282,1.156,112.701
30.802,63.502,44.803,5.505,7.183,1.852,1.743,136.775
33.173,64.873,56.297,7.447,10.079,1.055,0.881,146.463
31.698,49.909,73.661,5.934,9.705,1.106,0.354,149.715
22.204,86.25,58.091,5.28,11.734,2.156,1.513,161.784
27.45,71.962,25.81,7.297,9.234,1.082,1.653,120.311
23.056,62.484,60.25,7.115,6.505,0.515,3.687,139.487
23.606,67.811,37.543,7.651,7.181,2.498,2.073,131.287
33.843,59.139,68.108,7.676,4.718,1.813,3.368,155.142
29.592,83.445,44.194,5.836,11.39,2.22,3.364,152.511
34.568,70.876,34.981,6.924,5.029,1.848,3.593,141.902
25.088,67.27,48.397,7.997,8.366,1.639,4.15,139.335
27.136,85.99,37.76,5.731,7.211,2.248,2.344,143.47
26.281,82.709,36.791,6.419,5.074,0.477,0.647,136.903
19.824,81.576,53.663,7.73,6.344,1.149,0.366,144.686
22.024,55.152,63.367,5.309,9.069,1.906,1.004,139.546
26.97,51.891,66.748,7.785,4.25,2.666,3.766,140.115
19.145,76.054,44.883,6.464,11.728,1.345,2.67,140.699
33.835,66.089,28.34,7.679,11.273,2.741,0.803,131.282
20.105,75.767,49.199,6.864,4.677,2.213,0.77,132.899
21.366,79.228,46.689,7.014,10.947,1.564,4.033,145.282
31.01,58.289,34.849,7.319,6.629,1.43,2.436,124.105
19.648,57.809,69.807,5.201,4.54,0.711,0.939,139.9
33.305,67.087,73.707,6.883,6.449,1.876,4.056,165.877
30.337,57.31,27.587,7.772,10.471,0.526,3.299,117.99
19.167,75.028,64.787,7.868,9.327,1.43,2.254,148.668
29.761,78.603,57.286,7.905,5.908,0.971,2.2,153.357
28.738,66.242,38.072,6.937,9.753,2.695,3.092,131.44
30.875,77.571,56.758,6.9,9.663,1.272,1.655,154.142
32.079,67.97,31.432,6.657,9.943,1.574,4.5,133.082
30.212,77.079,28.47,6.823,8.325,1.301,3.574,132.207
27.965,55.124,74.674,6.836,10.552,0.729,2.956,155.183
23.482,78.248,56.818,5.127,9.131,1.246,3.156,148.028
29.854,77.181,37.661,5.267,5.003,2.27,4.483,132.62
34.269,56.997,47.502,6.858,10.482,1.891,0.246,132.994
27.988,70.019,72.504,5.943,6.59,1.45,0.298,156.016
29.294,83.489,46.936,5.904,9.64,2.369,3.576,152.358
25.431,56.229,70.022,5.58,9.401,0.41,1.1,140.768
30.854,78.119,68.44,7.403,6.687,2.384,3.146,171.359
34.96,87.929,42.208,7.893,5.293,0.543,2.364,153.713
20.727,83.981,59.8,6.883,9.56,2.489,1.57,155.08
21.441,63.068,58.025,7.836,10.792,2.674,1.195,141.921
27.17,72.324,63.561,7.652,10.706,2.366,3.54,158.699
26.183,89.63,43.296,5.654,9.012,0.447,0.935,142.966
27.717,70.58,27.612,5.461,5.819,1.663,0.883,122.83
18.834,50.176,33.552,5.635,6.53,2.389,2.1,107.957
24.873,47.044,55.828,5.289,10.037,1.708,0.713,122.417
27.911,80.564,63.755,6.749,7.287,1.264,2.959,160.716
27.948,64.063,62.802,5.848,9.86,1.53,4.465,152.518
29.175,56.107,54.184,7.739,6.476,0.594,3.416,135.135
30.244,60.645,29.238,6.84,4.051,1.591,2.794,123.355
28.906,79.082,25.864,6.079,8.828,0.467,1.897,133.369
31.434,65.936,64.107,7.954,8.807,1.946,4.448,157.104
28.621,84.082,52.469,7.86,9.02,1.337,3.984,157.123
27.138,78.072,64.136,7.336,6.145,0.859,3.729,156.769
28.305,88.831,33.139,7.375,10.489,0.442,1.189,140.431
19.72,84.983,45.371,7.932,7.9,2.613,0.731,139.563
22.644,56.455,70.958,6.801,10.099,1.735,0.965,146.592
26.966,74.658,33.58,7.64,8.889,1.953,1.312,137.058
32.841,45.924,28.076,5.194,7.329,2.27,0.551,113.538
29.544,89.6,57.673,6.662,9.437,1.904,4.02,168.999
19.537,56.745,54.727,6.508,8.6,1.391,0.996,121.757
28.069,74.916,72.602,5.113,8.086,1.906,1.174,157.428
21.77,83.212,70.323,5.261,9.188,1.006,4.019,166.016
30.478,52.221,62.472,5.066,4.688,1.747,4.32,144.467
32.066,83.155,25.958,5.882,11.282,0.893,1.154,137.422
28.089,45.551,49.019,5.161,6.681,2.602,1.465,121.98
28.053,64.889,69.805,6.269,5.798,1.623,3.64,157.151
23.756,66.242,46.683,7.438,10.174,0.961,4.372,138.755
25.586,61.834,73.107,6.841,5.85,1.935,2.994,155.013
32.69,71.387,57.624,7.021,11.966,0.617,2.103,151.009
30.296,86.168,30.473,5.095,7.364,1.442,3.101,139.934
26.836,59.715,50.464,7.519,6.373,2.478,3.555,140.387
24.26,71.067,59.781,5.439,4.497,2.243,0.684,143.927
18.856,84.486,28.268,5.908,4.334,2.088,2.072,125.745
20.431,79.785,42.232,6.55,4.761,1.529,3.886,134.746
21.281,46.833,60.854,7.79,4.04,1.473,3.233,126.813
24.348,87.426,32.854,7.994,6.617,0.427,0.861,137.197
34.05,47.099,42.417,7.348,6.484,1.84,3.447,124.486
26.588,71.494,59.496,7.188,7.441,1.785,3.07,148.537
21.992,70.891,63.777,6.583,5.863,0.413,1.338,142.519
19.798,80.388,50.926,6.997,4.502,0.729,1.679,138.006
23.751,51.68,72.843,5.433,4.569,0.43,1.552,133.482
31.867,53.072,71.267,5.808,5.457,1.008,4.471,151.396
24.517,78.845,48.672,7.954,6.533,0.409,0.99,140.097
31.133,51.728,33.014,7.939,5.184,1.402,3.766,120.308
31.646,66.125,63.647,5.969,6.921,1.543,2.482,147.089
19.884,77.924,37.157,5.723,11.378,1.449,3.986,136.399
28.347,74.306,67.141,5.689,6.093,0.879,4.422,161.573
34.305,54.477,54.357,6.455,5.347,1.657,4.333,141.361
24.836,58.678,44.705,5.671,9.318,2.354,3.873,130.611
18.866,88.604,52.819,6.945,7.927,1.099,1.978,150.437
33.696,65.19,51.64,5.224,4.378,1.15,1.366,142.639
33.022,47.001,71.237,5.311,10.302,1.703,1.574,149.491
26.876,54.881,35.718,5.831,9.723,0.961,3.008,121.578
27.388,60.41,71.408,7.332,11.818,1.211,1.67,158.773
21.6,89.977,26.567,5.97,11.506,1.486,2.07,135.875
31.931,58.621,63.46,6.412,8.674,1.327,0.543,144.649
26.476,46.188,70.983,6.97,9.488,2.364,3.515,148.011
18.576,68.081,44.703,7.366,7.276,2.438,0.679,126.956
29.611,48.762,28.653,5.921,11.108,1.367,1.649,113.067
34.158,57.333,65.233,7.193,8.422,1.475,2.739,152.303
32.096,89.657,67.143,5.858,6.604,2.697,2.484,175.749
22.712,76.709,41.813,6.933,4.076,1.607,4.04,138.483
18.907,47.28,50.93,6.353,8.692,2.783,3.032,121.783
33.986,65.191,65.473,7.78,8.203,2.231,3.593,164.054
33.93,52.724,34.602,7.946,10.495,1.034,1.505,124.853
27.051,50.533,56.449,7.322,5.496,0.95,0.769,131.898
28.919,71.418,46.532,7.746,10.523,0.782,3.396,144.69
25.864,67.755,33.721,5.41,4.122,2.335,0.86,119.622
25.136,78.429,66.572,6.963,8.699,1.136,3.787,165.349
20.031,85.154,41.234,5.595,7.175,2.022,4.255,138.478
19.645,56.101,71.721,5.831,6.652,1.696,1.417,138.109
21.956,86.535,53.447,6.568,7.466,2.382,3.472,149.768
32.223,68.31,50.725,7.226,5.789,2.202,2.081,147.483
20.479,56.648,46.165,7.164,5.467,0.553,1.486,122.403
21.854,83.06,45.034,7.608,10.441,1.212,2.054,144.689
27.326,46.599,65.898,6.678,5.822,1.648,2.981,134.305
21.657,70.178,58.875,7.779,9.896,2.329,4.449,149.427
20.775,77.473,63.685,7.664,9.691,2.114,1.49,153.038
27.576,57.599,46.054,7.547,4.267,1.719,3.236,125.739
24.258,83.857,38.072,5.689,11.049,2.34,1.64,140.204
28.645,55.813,29.343,6.594,10.315,1.444,1.281,118.259
33.507,82.794,63.833,7.209,10.369,0.534,2.917,167.279
20.567,48.535,45.764,7.928,10.474,2.489,3.474,123.314
33.528,52.197,50.461,5.035,8.66,1.664,3.285,131.399
33.342,62.144,48.467,5.981,11.947,2.34,4.253,150.777
32.094,83.432,46.557,6.027,5.433,1.341,0.662,146.666
28.732,51.506,59.195,5.866,4.579,1.813,2.525,136.4
28.542,84.395,55.437,7.452,9.633,1.195,1.451,157.995
28.867,55.338,73.603,5.135,6.351,1.383,3.713,151.423
29.738,65.363,31.945,6.078,8.866,0.754,0.467,120.44
18.28,60.873,53.676,7.135,7.134,2.18,0.956,126.907
34.288,50.316,28.162,6.22,6.668,1.073,3.52,113.872
27.955,87.494,65.396,5.432,11.146,1.124,1.725,167.548
31.285,64.718,55.816,6.833,5.136,1.25,3.132,147.344
24.414,76.065,46.419,6.568,5.512,1.437,4.494,141.292
18.211,70.887,65.112,7.946,9.343,1.783,2.177,145.916
26.665,67.577,47.75,7.246,10.261,2.039,2.492,140.899
26.622,72.746,36.389,7.959,10.658,2.022,4.394,137.823
25.429,85.425,48.625,5.559,5.849,1.417,3.409,147.04
23.775,76.469,28.542,7.285,11.057,1.557,1.046,127.373
22.247,68.962,69.893,6.655,8.876,0.737,3.658,155.157
26.968,74.033,61.548,7.138,10.586,1.652,2.418,154.315
24.38,72.288,63.016,6.403,4.548,2.505,3.586,149.477
34.489,64.49,68.725,5.637,6.855,1.505,2.774,160.329
20.94,73.114,64.579,5.137,8.199,2.651,1.178,150.33
23.434,64.961,46.593,7.515,8.616,0.774,3.702,136.454
22.997,79.093,30.932,7.444,4.793,2.169,0.209,128.443
27.236,88.601,43.668,5.488,8.309,2.099,4.019,148.197
26.488,88.194,71.704,6.936,9.324,2.036,3.72,175.154
28.944,81.933,72.455,7.213,6.893,1.991,4.372,170.224
34.15,72.079,63.394,6.673,8.006,0.454,0.353,153.141
22.849,78.72,35.222,5.952,6.341,2.181,2.082,128.493
29.777,53.012,34.722,7.643,10.964,1.599,0.927,120.646
18.426,66.556,68.989,6.927,8.794,1.658,1.808,146.008
22.461,56.579,32.096,7.161,8.41,0.522,1.747,110.497
25.883,45.157,54.207,6.956,11.555,0.852,2.77,129.049
18.527,88.503,43.913,7.164,9.319,2.586,2.081,150.469
28.5,83.873,40.101,5.435,6.239,1.157,4.352,139.412
29.531,68.116,58.869,7.768,9.134,1.345,1.394,152.496
30.694,56.437,72.978,5.857,11.693,0.854,2.001,154.902
26.782,76.184,63.882,7.51,4.188,1.917,3.213,153.937
28.267,64.566,49.308,7.68,9.013,2.178,1.389,134.334
24.733,81.151,47.036,6.954,5.255,2.611,3.312,146.801
18.701,89.978,70.383,6.795,10.532,1.749,3.247,164.096
19.699,60.709,53.905,5.327,9.125,1.062,3.263,133.904
29.135,55.998,49.832,6.309,11.496,0.57,3.103,139.982
34.924,57.032,59.142,6.835,9.357,1.039,3.715,145.524
18.269,49.201,36.858,5.246,4.138,1.884,4.478,109.724
27.479,62.732,28.187,5.334,8.083,2.738,0.438,118.046
30.767,45.784,67.756,7.98,11.229,0.59,2.338,139.001
32.055,50.148,55.363,5.997,5.858,1.332,3.696,132.033
27.268,57.226,33.244,6.049,4.663,2.001,0.2,114.489
28.539,52.194,39.902,5.755,9.759,1.779,2.544,124.67
29.844,77.947,74.497,6.938,8.02,1.964,3.037,166.54
32.602,49.752,56.721,6.419,4.381,1.512,1.024,132.662
20.079,83.97,56.806,7.371,6.239,1.041,1.924,149.965
33.745,54.95,28.608,6.537,6.614,1.559,3.595,122.23
18.442,49.887,73.45,5.046,9.343,1.316,0.487,135.06
32.215,45.455,69.639,6.448,7.773,2.102,0.78,144.285
19.305,77.184,52.389,5.166,7.898,0.812,3.718,143.429
21.309,56.548,40.469,7.48,10.453,1.591,3.68,125.438
18.066,67.927,59.903,5.341,6.227,2.702,2.739,141.564
25.569,50.023,66.669,5.651,9.381,1.676,1.99,140.016
23.684,89.338,64.306,6.38,6.94,0.969,0.654,159.212
20.822,50.642,73.852,5.586,7.347,2.646,3.689,143.678
25.669,63.537,56.843,6.618,8.447,0.986,1.24,137.459
24.84,83.324,41.061,6.382,9.565,2.203,4.127,148.374
31.05,56.02,49.896,7.858,11.562,0.663,3.536,135.188
33.183,57.014,65.816,5.265,6.152,2.445,0.548,145.888
29.094,81.382,38.267,6.73,4.83,0.833,2.933,138.453
20.115,57.3,36.57,7.161,7.43,1.346,4.159,118.087
23.022,45.129,61.242,5.383,8.374,2.717,3.98,133.896
33.526,64.256,47.221,6.909,5.824,1.791,2.837,143.668
19.508,45.564,65.829,7.593,11.124,1.034,0.939,131.357
24.917,85.941,32.184,7.363,10.391,0.402,3.125,136.305
34.023,73.882,41.785,7.806,7.949,0.416,3.064,143.194
34.161,71.236,38.405,7.162,7.601,1.059,2.732,138.16
24.99,54.072,59.893,6.182,4.326,1.664,1.343,132.966
29.346,76.498,62.966,7.761,8.295,1.564,4.071,158.455
25.765,75.476,47.8,5.676,8.766,2.613,2.361,143.373
30.809,47.721,48.901,6.751,11.133,2.234,1.478,135.134
18.537,84.638,31.602,7.297,8.009,2.619,1.297,130.341
20.451,71.074,60.091,7.617,5.259,1.628,1.408,138.73
28.441,80.661,74.616,7.75,5.44,1.472,2.183,166.911
21.953,56.831,63.896,5.255,5.279,1.759,1.193,128.752
29.323,50.492,36.156,7.178,11.508,1.293,2.425,121.655
23.971,76.61,56.156,5.612,10.347,0.906,1.026,151.321
33.073,80.725,39.748,7.337,10.598,2.408,1.365,145.918
31.927,62.372,26.509,7.102,10.723,2.033,0.715,119.507
26.378,46.066,33.991,5.544,4.765,1.182,1.737,104.726
31.139,81.821,30.13,7.498,9.617,1.471,1.946,141.062
22.609,54.274,34.797,6.385,9.635,0.941,1.936,118.389
26.402,60.256,64.78,6.632,5.799,1.751,3.317,146.184
21.357,73.27,39.642,7.914,7.925,1.26,2.278,127.161
32.635,49.498,62.852,6.97,9.299,2.501,3.18,145.797
31.992,48.24,72.443,6.766,11.179,1.668,0.343,153.821
33.337,46.157,53.714,5.05,4.883,1.388,2.077,128.16
32.917,86.249,49.27,5.598,11.138,2.199,0.586,158.873
34.313,59.012,62.506,5.08,11.379,2.572,2.187,154.093
21.882,74.73,29.855,6.0,11.389,2.362,2.845,124.31
33.841,89.516,46.411,6.034,4.039,1.588,3.626,158.208
27.711,75.125,49.941,6.591,5.768,1.255,2.566,145.341
25.182,68.629,66.553,7.069,9.53,1.989,1.832,148.581
27.526,68.441,65.711,5.538,6.574,2.36,1.337,147.94
23.824,61.961,67.413,6.805,4.489,2.749,4.317,145.041
22.905,71.99,59.894,7.751,10.104,1.497,1.053,149.792
22.102,88.146,51.528,5.555,4.229,2.004,0.382,143.303
19.401,80.462,66.394,6.977,7.568,1.103,0.741,153.261
26.442,64.09,68.664,5.137,11.581,0.61,4.489,154.434
33.092,59.96,49.024,6.593,7.522,1.007,4.096,139.794
28.713,84.759,74.283,7.225,11.295,0.435,1.577,174.683
26.857,51.11,68.741,5.102,7.272,1.623,0.217,139.738
25.286,83.231,50.523,6.001,6.773,1.296,3.499,148.75
25.895,56.478,28.464,7.634,4.859,2.028,1.492,111.863
21.558,77.203,36.225,5.676,6.865,1.877,0.295,127.503
31.99,81.28,63.82,7.169,6.696,0.803,2.163,162.05
21.373,66.465,30.558,6.837,10.772,2.017,2.024,119.976
30.183,53.653,48.49,5.491,11.359,0.85,1.756,136.853
30.92,83.015,55.243,7.225,4.175,0.414,3.009,153.009
27.773,61.538,68.917,6.596,4.786,2.728,3.322,154.362
32.67,59.431,67.356,5.336,9.146,0.465,2.604,150.124
22.948,67.951,63.214,7.848,7.878,1.22,0.26,146.609
32.987,64.579,45.385,6.476,6.375,1.93,0.296,140.312
30.4,75.737,32.112,7.235,6.079,1.289,3.991,133.23
31.579,51.174,58.482,5.653,5.797,1.315,1.002,132.912
29.298,64.606,34.064,5.412,8.204,2.135,1.912,125.492
32.388,85.127,53.066,7.224,4.14,1.845,0.645,154.495
34.883,46.623,74.034,7.021,9.911,1.644,1.186,152.801
25.143,65.58,52.515,5.822,6.403,2.527,2.287,137.757
31.837,74.724,57.278,7.239,7.415,0.659,1.213,151.006
30.658,84.947,58.879,6.515,8.216,1.527,3.034,167.824
25.699,71.72,66.519,6.046,5.691,0.974,1.779,150.118
33.758,82.102,46.749,7.361,11.07,0.488,3.59,154.715
24.705,55.021,49.875,6.85,9.457,2.75,2.788,134.264
27.613,60.876,33.799,6.522,10.962,2.162,1.292,126.847
19.801,87.396,55.734,7.319,7.804,0.919,3.676,155.861
21.838,84.869,39.788,6.634,7.46,1.366,4.208,144.948
32.292,70.108,50.381,7.816,5.897,0.942,0.716,143.413
24.741,66.397,63.328,7.454,8.359,2.044,3.08,148.931
24.699,65.298,25.878,6.075,8.745,1.241,2.912,112.342
22.182,47.646,53.196,6.395,7.359,2.608,3.08,123.026
26.357,85.157,33.672,7.872,5.163,0.898,0.334,133.786
31.699,81.817,38.969,7.686,6.185,1.24,0.321,138.29
33.218,65.531,26.736,5.574,4.114,2.636,1.468,117.546
19.192,57.575,33.473,5.823,6.553,2.523,0.545,110.042
27.772,60.431,74.331,6.093,8.646,1.104,1.774,155.638
25.944,50.542,74.926,7.64,11.646,1.559,3.951,151.648
28.443,77.481,60.992,7.782,5.423,2.521,1.724,157.847
25.604,70.05,55.593,7.407,4.444,2.01,1.889,143.429
24.777,55.535,63.85,5.827,6.37,1.929,1.35,140.543
26.022,73.035,69.828,7.661,5.254,1.985,2.013,162.16
27.894,89.065,50.965,5.099,9.564,2.61,3.629,166.071
26.517,50.508,26.764,6.268,4.046,1.641,3.773,108.311
26.026,65.632,60.47,6.133,11.847,0.836,2.011,146.317
31.903,67.237,74.23,6.606,10.845,1.535,1.907,165.287
30.676,52.506,37.903,6.682,7.925,2.149,1.039,125.911
23.803,68.921,48.173,5.676,11.368,1.581,4.395,138.658
31.61,72.269,43.064,5.614,9.024,1.152,1.537,143.901
32.512,52.081,44.523,7.411,11.95,1.999,1.673,132.752
20.609,51.963,61.07,5.229,6.226,1.481,2.048,129.413
27.906,83.536,43.92,6.48,11.975,2.711,0.546,147.768
22.85,59.012,72.054,5.575,5.442,1.245,1.613,139.968
30.566,73.365,64.483,5.959,6.827,2.122,4.202,159.066
22.059,73.205,26.382,5.832,11.483,1.732,0.52,124.291
29.414,82.763,65.927,7.126,6.964,0.586,1.234,160.115
22.337,78.295,63.643,6.368,5.679,1.527,1.136,154.176
26.689,82.826,50.825,5.898,4.476,0.47,1.211,142.783
34.127,73.135,49.841,7.494,5.192,2.296,4.305,148.229
24.482,65.226,66.776,5.257,6.842,2.163,3.247,149.659
32.888,62.71,46.239,7.299,7.37,0.521,4.155,140.498
34.778,62.056,32.973,5.745,8.34,1.599,3.888,131.056
32.872,63.828,40.645,7.754,10.509,2.708,2.886,140.234
20.82,50.819,38.26,5.017,4.107,1.083,2.607,112.017
31.934,64.078,59.053,6.67,10.729,2.57,2.389,152.96
18.547,62.525,33.944,6.867,8.618,0.763,3.165,114.864
24.686,46.556,57.239,6.732,10.052,0.416,3.218,126.973
32.802,57.381,48.298,7.445,10.056,1.673,2.778,142.427
29.709,78.836,66.983,5.336,11.226,0.974,2.13,163.458
27.057,71.008,49.25,6.247,4.747,2.51,3.104,139.585
24.594,81.278,71.49,7.591,8.572,2.017,0.874,166.906
31.809,69.421,70.023,7.666,11.272,2.049,2.572,170.818
30.062,83.434,34.264,6.495,9.754,2.016,2.433,143.674
25.963,80.823,59.308,6.674,4.773,2.029,2.499,152.937
33.172,49.423,35.731,7.292,8.912,2.193,2.397,123.124
21.909,88.965,66.165,7.339,10.399,2.008,3.426,166.129
20.897,45.664,56.786,7.664,6.199,2.402,3.457,124.654
28.928,71.858,39.706,7.532,9.06,1.739,1.617,136.111
34.524,80.663,37.456,6.243,10.723,1.242,1.708,148.792
22.203,59.935,46.479,6.949,8.191,1.52,0.271,124.868
22.244,71.936,65.036,6.45,5.553,1.457,0.687,149.465
20.371,61.296,64.808,5.354,8.397,1.198,1.328,138.705
32.63,47.728,26.669,7.465,8.704,1.397,3.493,113.304
21.849,45.381,40.114,6.805,7.223,1.324,3.631,115.148
26.554,49.269,46.143,5.174,9.437,0.667,1.266,121.279
34.845,49.428,54.279,7.031,7.467,2.393,3.94,139.69
18.206,72.49,32.476,5.849,11.019,2.216,1.816,123.719
27.46,68.664,41.764,5.208,10.333,1.21,3.632,139.97
26.709,65.496,69.28,6.82,10.438,2.668,2.207,157.724
31.727,76.136,48.827,7.197,8.209,2.678,3.264,155.081
24.04,45.757,62.207,6.552,5.571,2.456,1.732,129.134
24.976,57.194,49.239,5.017,9.795,0.47,0.504,129.668
20.855,79.983,48.249,6.731,4.551,1.291,1.292,137.314
30.594,85.949,56.096,5.02,8.141,1.498,3.197,162.735
31.34,64.725,37.968,7.779,4.424,2.125,4.147,134.491
20.323,48.667,37.49,5.802,8.227,1.924,2.902,108.766
24.689,80.943,74.468,7.613,9.487,2.028,3.507,170.437
33.179,84.833,68.45,5.036,7.354,2.241,0.261,171.462
18.046,63.615,61.888,5.292,7.335,2.676,3.468,142.412
23.079,55.951,31.857,6.354,4.982,1.724,3.793,115.438
27.436,46.979,26.511,7.276,6.415,2.57,1.974,106.956
23.68,71.599,33.771,7.828,7.554,2.356,2.324,131.647
22.625,85.944,71.887,6.563,10.908,1.211,0.425,164.308
25.821,75.505,65.814,6.066,11.184,2.353,0.951,155.052
21.086,59.276,51.154,5.134,11.629,0.682,0.443,127.687
27.004,73.93,73.439,6.751,4.802,0.781,3.345,162.94
30.014,82.443,32.329,6.14,6.37,2.782,3.639,137.185
27.78,66.412,52.958,7.727,7.703,1.429,0.667,136.486
19.583,81.889,34.161,6.44,9.134,1.505,4.163,128.746
32.355,62.636,40.321,7.296,9.622,2.682,3.81,140.046
20.975,60.683,72.007,7.545,10.288,1.268,2.678,145.849
31.002,71.234,68.414,5.295,7.967,0.969,4.407,162.42
24.13,65.911,30.09,6.323,8.453,0.587,3.995,119.722
31.307,88.97,37.477,7.681,11.685,1.654,1.157,149.224
21.507,68.238,54.725,6.273,5.92,0.879,4.302,135.462
21.173,62.333,28.068,6.695,10.43,0.556,2.105,114.156
26.449,62.772,52.504,7.619,9.695,2.351,0.866,137.404
18.56,69.657,54.225,5.698,5.121,1.189,1.06,131.689
21.83,60.971,39.548,7.684,11.412,1.791,3.142,127.813
30.308,77.531,39.656,6.191,10.843,0.651,4.447,146.081
32.236,62.13,36.454,6.779,10.236,1.613,2.115,133.867
19.373,62.286,71.784,5.984,5.014,1.916,2.664,144.593
32.995,72.764,44.444,6.581,5.117,1.48,1.491,137.826
31.558,47.738,54.263,5.148,9.466,1.21,3.835,135.914
32.785,74.491,40.079,5.196,4.858,1.146,0.695,137.213
29.873,67.724,60.133,6.244,4.907,0.663,2.704,146.009
29.461,65.386,30.072,6.005,7.202,0.678,2.721,121.649
26.927,77.366,28.582,6.847,4.043,1.59,0.205,129.642
29.097,79.122,62.214,5.114,9.772,0.733,4.244,157.67
33.625,83.082,61.333,5.503,8.322,0.936,4.39,167.651
19.709,61.866,38.25,5.629,4.625,0.796,2.21,117.344
23.368,59.717,42.752,6.321,8.349,2.326,3.32,126.397
19.232,77.145,72.863,5.741,4.433,1.479,3.849,154.919
34.062,71.181,30.217,5.413,4.566,1.726,0.702,126.197
25.57,73.431,34.157,6.793,7.884,1.799,0.564,128.051
29.481,69.999,46.502,7.232,7.999,1.351,3.164,143.892
32.299,79.771,39.105,7.056,6.712,1.116,2.606,142.401
34.847,53.552,57.45,5.829,8.974,1.318,3.121,151.438
20.75,70.007,59.53,7.563,7.099,1.684,2.66,142.382
31.592,52.115,51.319,6.835,8.696,1.261,3.323,138.76
33.086,63.326,55.56,6.844,6.798,0.728,0.866,144.11
18.831,74.88,46.671,5.639,9.72,2.593,1.127,135.972
30.82,67.188,63.019,5.727,8.634,2.158,1.219,156.431
24.03,62.082,27.105,6.424,5.28,0.559,1.991,106.348
29.026,84.824,40.645,5.713,9.49,2.574,3.466,150.464
26.739,79.777,59.222,7.064,10.271,0.809,3.775,156.263
22.416,68.683,41.482,5.926,4.527,0.635,1.926,122.984
20.299,87.752,28.927,5.456,8.88,0.816,2.789,129.104
19.988,64.096,42.251,5.455,10.323,2.639,1.469,124.123
19.756,80.463,60.575,5.382,4.917,0.931,2.246,141.862
28.842,52.557,31.099,6.319,11.213,2.289,4.246,122.358
23.974,57.861,61.232,5.009,7.318,1.943,1.358,136.706
21.683,60.214,63.773,6.627,9.903,1.644,3.588,143.068
29.762,49.762,56.765,5.895,11.192,1.277,0.381,136.747
29.676,67.581,37.212,6.657,11.917,0.623,1.685,134.36
27.166,53.652,65.265,7.806,8.671,2.106,3.033,144.322
33.894,73.538,35.722,7.607,9.634,1.347,3.537,149.199
24.552,53.554,70.291,6.729,6.014,1.684,2.746,145.191
32.21,50.558,60.332,6.254,6.32,0.524,3.938,145.263
19.277,88.609,27.736,7.095,10.806,2.262,3.729,133.779
30.577,74.621,64.964,7.769,7.186,2.061,2.855,161.506
34.804,87.14,50.322,6.469,10.579,1.67,1.697,159.091
32.392,67.045,47.632,5.298,4.405,1.591,1.764,136.675
27.854,46.503,46.026,7.298,5.746,1.209,2.845,119.354
28.655,70.847,55.332,5.031,5.361,1.222,3.023,152.016
24.006,70.125,61.229,7.294,8.217,0.564,1.897,144.592
29.551,45.674,69.799,5.255,4.644,2.048,1.909,138.122
31.097,83.756,38.647,5.32,6.751,0.508,0.96,136.935
34.97,72.899,56.539,7.345,11.89,0.403,0.201,156.961
26.372,78.511,59.317,7.069,10.354,0.474,2.184,152.522
19.042,67.226,58.74,6.686,10.085,0.888,3.773,143.966
28.13,72.828,49.65,7.462,5.081,1.768,3.496,138.917
20.023,56.586,44.551,7.554,6.916,2.035,4.474,123.496
22.161,88.819,63.119,6.373,9.445,1.41,3.078,157.683
23.589,63.032,40.0,7.989,4.173,1.381,1.206,119.936
30.428,52.305,35.403,6.073,7.472,1.784,3.113,119.892
21.125,47.516,52.291,5.515,11.429,1.832,3.762,124.908
20.818,73.628,38.381,7.538,4.659,2.428,2.956,127.096
18.764,89.252,26.662,6.247,11.25,2.366,2.271,134.805
32.845,85.311,27.579,7.623,5.556,2.376,2.86,144.825
29.79,76.595,59.751,5.183,5.513,2.426,0.311,152.886
18.679,89.577,73.657,5.333,5.563,2.512,1.34,161.488
18.481,77.527,47.734,5.121,11.45,1.733,0.878,138.019
27.497,60.266,32.353,6.806,8.83,1.828,1.978,120.697
22.803,72.055,65.904,7.496,10.006,2.145,4.04,158.859
28.144,48.589,38.072,6.208,6.931,0.878,1.008,114.82
25.388,54.976,74.781,5.272,10.986,1.265,0.505,144.591
33.696,63.789,53.163,6.12,8.655,2.59,3.541,151.238
22.893,54.082,36.632,6.044,8.799,1.655,3.932,120.37
29.545,87.908,49.8,6.93,10.019,0.524,2.485,160.346
18.919,89.802,41.769,6.956,10.189,1.373,1.819,141.28
34.25,61.692,63.974,5.309,9.455,0.786,2.051,152.992
34.673,76.915,30.291,6.261,4.951,1.255,3.034,131.624
30.564,63.35,67.85,6.928,10.934,1.708,3.774,158.545
25.909,51.278,63.367,5.777,6.087,1.612,1.015,135.216
21.74,60.162,68.068,6.221,11.97,1.577,4.08,147.745
31.813,55.502,69.75,6.841,7.084,0.444,3.027,150.57
30.518,59.764,36.489,6.209,4.96,1.468,3.375,124.869
21.773,54.676,51.05,5.093,6.529,0.47,0.574,119.805
25.671,50.056,67.496,5.668,8.588,1.372,4.149,145.247
25.868,54.784,43.869,7.328,7.132,1.953,2.471,124.407
32.049,85.759,28.02,5.746,10.629,0.702,1.757,139.553
29.625,48.835,39.582,7.453,9.458,2.6,1.915,119.577
28.934,59.614,37.096,6.401,5.708,1.913,1.46,124.007
29.047,68.78,68.503,6.419,8.311,0.922,0.901,153.512
22.598,60.953,48.192,7.312,10.3,1.346,0.349,131.877
24.319,68.292,59.177,6.15,11.13,0.633,1.337,141.819
18.776,46.954,73.106,5.715,7.16,0.453,2.335,134.404
31.378,74.186,39.959,5.315,11.396,2.598,3.067,139.139
25.361,70.357,63.06,7.016,4.288,2.02,3.353,150.648
25.45,75.643,26.138,6.41,9.414,2.271,2.761,126.864
22.171,70.527,30.206,7.428,10.256,1.893,0.699,123.592
21.56,64.706,33.093,6.373,7.401,2.576,2.056,118.025
27.993,60.756,40.621,6.244,4.088,2.55,3.07,124.219
21.953,55.19,45.149,5.897,9.496,0.54,3.396,121.999
19.092,67.503,48.851,5.598,6.741,0.855,1.595,128.372
31.048,46.172,37.267,7.491,5.215,1.35,4.192,119.207
24.4,59.771,28.311,5.286,5.257,1.219,3.62,112.799
24.464,75.504,58.876,7.706,10.153,1.661,3.862,151.966
25.332,49.892,26.183,5.081,5.499,1.04,3.066,108.09
31.856,47.83,65.474,6.567,7.873,2.314,1.979,143.804
23.454,74.348,71.458,5.175,11.763,0.418,4.217,159.678
30.887,62.9,60.518,7.339,10.071,2.3,4.076,154.473
33.972,81.082,54.798,5.634,8.378,1.344,3.762,160.752
29.235,87.179,57.851,6.698,8.226,0.412,4.032,161.614
25.339,88.067,57.611,7.749,5.339,2.433,4.141,159.224
30.712,64.152,71.585,6.948,7.571,1.472,3.409,161.072
25.784,56.895,73.215,5.535,5.159,2.139,1.061,150.051
25.045,72.388,46.336,7.39,4.669,2.508,2.516,132.105
26.93,73.269,55.854,6.324,4.873,0.482,2.849,147.274
23.401,73.006,65.14,5.04,8.853,1.029,3.526,152.637
19.772,59.48,25.052,6.46,5.548,0.685,2.329,104.456
25.052,47.869,51.351,7.437,5.195,0.635,2.405,125.188
20.106,54.45,57.644,6.29,10.937,2.67,4.481,129.972
24.978,51.949,60.86,7.275,4.976,2.333,2.144,136.038
27.468,50.576,43.439,7.117,9.645,1.275,0.759,125.653
33.822,86.683,39.782,6.371,7.336,2.05,3.252,150.093
18.616,45.623,34.107,5.97,8.633,2.607,1.759,101.427
28.565,72.084,52.891,7.18,4.187,0.93,1.269,145.353
25.781,87.636,70.965,6.107,4.0,0.434,2.902,159.994
18.344,61.202,69.799,5.51,10.538,2.378,4.304,149.091
22.242,68.719,42.998,5.963,7.804,2.134,1.545,132.367
20.014,76.31,37.893,7.631,4.57,0.785,1.801,126.507
21.686,59.273,64.44,5.85,6.748,1.575,2.202,140.181
22.668,66.494,61.249,5.705,8.051,0.785,3.158,142.526
24.822,81.77,50.267,5.4,5.084,1.846,1.903,145.442
26.994,78.541,44.452,5.166,8.371,1.954,2.028,140.663
18.017,81.38,31.19,7.93,8.23,1.064,3.214,125.876
20.752,89.43,64.257,6.61,8.823,2.274,4.436,164.742
19.591,61.665,55.873,7.189,10.482,1.537,1.561,131.261
27.344,78.619,43.844,7.319,7.302,2.095,2.717,145.047
23.594,72.125,70.939,6.057,11.108,1.936,3.616,154.591
27.323,74.997,57.984,7.397,7.797,1.482,1.112,151.136
21.771,78.294,71.462,7.884,7.657,1.103,3.719,161.968
18.412,78.738,48.721,7.225,9.245,0.89,1.726,136.479
34.003,84.859,47.731,7.135,8.94,2.19,0.677,153.242
19.841,60.719,71.862,6.297,4.091,1.941,0.307,139.345
20.157,74.407,72.99,7.524,11.859,1.074,0.342,159.285
20.491,57.613,73.038,5.267,11.542,2.721,3.63,151.416
34.682,71.756,65.945,7.249,6.25,2.345,3.102,160.089
28.5,78.803,48.12,6.086,8.469,0.704,3.612,147.805
28.375,80.595,35.515,6.698,10.164,0.79,3.438,141.075
34.774,63.906,44.172,7.679,11.364,1.706,1.838,143.162
19.503,67.892,71.915,6.815,8.687,0.646,4.212,149.588
34.567,60.023,43.178,5.077,4.152,2.714,3.975,135.013
21.468,52.607,62.836,7.168,9.445,1.931,1.698,138.082
28.592,56.723,71.15,7.787,4.745,0.559,3.524,149.303
25.141,86.046,73.52,6.926,9.369,1.464,3.725,173.439
24.527,58.904,72.384,7.584,8.699,0.933,2.3,153.537
33.831,88.864,52.753,7.476,9.125,1.577,0.718,162.971
20.537,55.867,49.594,7.584,5.514,0.993,1.636,119.863
34.95,77.538,74.382,6.032,7.949,2.396,4.452,174.166
24.445,70.826,35.909,6.422,8.944,2.131,3.279,131.238
29.029,76.359,34.377,7.544,6.402,2.576,3.531,133.264
34.454,73.978,73.159,7.731,5.453,0.875,4.121,167.848
18.979,76.804,59.46,5.441,5.781,1.325,1.072,143.074
33.689,85.75,51.815,5.545,10.864,2.333,4.364,167.896
27.653,70.356,31.602,6.04,7.716,1.297,2.428,122.615
29.975,48.053,50.662,7.311,9.289,1.31,3.402,131.714
20.536,57.187,72.211,7.625,8.119,2.766,1.568,145.592
27.068,76.87,55.145,6.741,10.673,2.25,1.616,152.957
29.45,67.233,45.231,5.34,8.068,2.466,1.746,137.945
25.756,69.685,52.555,5.911,4.747,1.377,1.697,137.537
20.635,71.846,69.307,7.571,5.584,1.806,0.469,152.402
22.15,62.218,70.642,6.043,4.106,1.481,1.531,146.191
32.525,79.825,45.004,5.308,10.652,1.481,2.984,156.639
18.586,77.559,55.403,5.906,9.306,0.706,4.078,144.709
30.051,77.143,38.96,7.42,10.074,2.421,0.379,140.512
34.99,77.189,47.554,6.48,9.72,1.337,0.272,147.954
18.127,85.066,35.994,5.515,10.596,1.796,2.747,133.74
20.738,71.793,51.574,5.938,11.896,2.457,3.209,145.202
29.46,88.518,53.912,7.861,9.228,2.256,2.815,165.055
19.02,50.364,41.892,6.296,6.018,0.876,4.384,114.817
28.026,73.438,38.606,6.325,4.811,1.884,1.184,129.92
29.628,77.262,32.551,5.459,8.718,1.59,2.269,132.985
27.998,66.475,31.977,5.914,10.166,1.024,4.138,132.888
24.208,57.969,60.573,7.444,8.493,0.498,2.855,136.692
29.854,69.752,36.082,7.359,6.428,1.911,2.682,135.928
28.103,61.414,30.899,6.306,9.758,2.272,4.211,126.391
21.53,85.911,74.944,7.681,7.584,2.66,1.657,166.619
27.573,61.056,37.996,6.141,6.293,1.252,0.876,119.054
32.992,52.907,69.802,7.593,10.729,1.358,0.756,149.792
29.336,70.938,55.459,5.095,8.612,0.791,3.734,149.493
26.02,62.82,60.754,6.042,6.268,2.763,3.885,143.128
23.467,49.315,53.046,7.565,6.629,2.439,1.206,129.21
19.46,70.418,34.041,7.704,8.573,2.698,2.165,124.017
22.159,69.203,67.353,7.269,7.383,1.589,2.715,152.235
18.19,52.794,66.399,7.01,5.284,0.903,0.798,131.099
34.773,71.894,42.484,7.447,8.884,1.776,3.85,150.847
21.782,70.531,63.193,7.123,9.513,1.293,2.001,147.282
31.853,79.813,52.152,5.763,4.001,1.235,3.913,151.615
20.867,61.271,70.452,6.399,8.295,0.598,3.468,142.485
22.821,56.194,65.141,6.982,8.617,0.576,1.468,138.612
25.111,87.805,27.05,6.763,6.657,1.309,3.281,136.044
23.515,70.255,68.964,7.655,6.71,2.623,3.385,156.089
31.572,46.221,73.428,6.422,6.541,2.135,1.538,151.716
34.281,81.932,62.108,5.534,7.563,2.225,1.291,165.853
32.88,53.854,30.996,5.644,10.496,0.962,3.741,121.03
20.611,80.372,65.369,7.538,7.752,2.163,3.115,158.199
31.204,76.732,57.374,5.026,11.949,1.375,3.38,155.45
20.515,88.597,41.941,7.607,7.009,0.543,1.546,137.37
33.527,88.451,69.202,5.167,9.594,1.348,3.305,173.666
26.804,57.348,53.278,6.175,8.392,0.715,3.272,134.788
23.718,79.49,67.646,7.401,10.098,2.449,1.633,161.709
20.669,59.258,58.506,6.223,11.107,2.417,1.363,140.513
18.201,73.314,39.426,7.467,8.093,1.09,2.055,126.544
22.215,71.899,73.751,5.301,7.956,1.869,3.378,155.49
33.538,47.454,53.55,6.535,11.542,1.273,1.032,139.367
31.553,45.233,50.838,6.747,11.469,0.77,3.959,125.174
34.486,47.599,45.175,7.673,11.976,1.959,1.298,132.145
19.713,50.757,31.817,5.281,5.252,2.224,3.81,106.47
28.067,56.594,59.311,6.016,4.029,2.259,0.87,135.654
22.372,85.813,46.54,6.978,7.498,0.758,3.38,146.4
27.23,68.338,71.731,7.94,9.867,1.63,2.614,160.807
23.448,80.86,73.255,7.545,4.583,0.457,3.044,162.199
22.819,82.724,63.382,7.539,6.989,0.616,4.389,156.148
27.755,78.072,37.125,6.552,8.652,0.595,0.426,130.701
21.116,62.612,60.799,6.693,5.7,0.537,0.841,134.18
25.975,83.874,26.021,7.576,9.849,1.201,0.54,128.025
29.064,78.392,66.32,7.609,5.836,1.258,2.434,158.524
20.179,78.442,49.681,7.407,10.725,2.075,3.652,148.738
33.82,85.571,71.837,7.456,6.786,1.192,0.436,176.431
26.597,71.94,43.888,7.639,8.789,0.737,3.551,141.695
31.932,68.786,38.159,5.341,8.353,2.673,2.062,138.542
29.116,85.057,74.753,5.878,6.372,2.501,4.248,175.133
30.07,65.451,51.534,7.928,7.513,0.698,1.846,143.17
30.174,81.521,68.159,6.634,10.768,1.271,4.434,171.965
32.877,47.423,70.553,5.529,8.387,0.803,2.593,150.939
28.431,45.058,50.923,6.509,4.445,2.702,4.457,124.163
22.73,68.773,47.786,6.937,9.704,1.254,2.917,138.369
19.692,48.313,52.644,7.485,5.46,0.635,1.689,114.648
28.306,88.944,67.387,7.437,7.889,2.144,3.655,173.926
19.128,45.248,73.233,5.148,7.748,2.108,2.294,130.714
22.102,77.317,41.416,6.361,7.892,0.978,1.528,130.082
19.032,55.952,61.932,5.062,4.248,1.172,2.257,125.617
27.331,88.54,39.269,7.664,6.179,1.396,3.949,147.08
20.726,62.169,55.548,5.522,4.406,1.042,3.349,131.918
28.377,46.228,65.239,6.875,7.32,1.093,0.947,141.501
31.445,46.212,69.324,6.712,8.971,2.324,3.806,147.421
31.972,69.902,47.436,6.877,9.233,2.204,2.055,147.368
23.262,89.402,43.488,6.69,4.516,2.062,0.556,142.288
27.332,89.09,37.673,7.147,4.951,2.048,0.833,143.35
27.571,60.177,31.671,6.878,9.292,1.653,0.485,119.97
26.039,66.722,43.246,5.271,8.25,1.242,3.109,135.233
29.137,49.521,68.599,6.1,10.667,2.129,1.308,142.815
21.571,68.498,45.94,6.64,5.641,0.679,0.614,120.684
34.647,71.987,40.865,5.976,4.963,0.739,1.772,138.344
19.667,56.298,61.957,7.281,6.896,0.703,3.928,130.042
32.097,72.545,35.779,5.954,9.097,2.159,2.904,141.546
28.1,85.486,37.814,7.486,7.888,1.82,2.291,142.669
22.163,45.043,71.795,5.44,4.789,1.48,3.353,131.652
30.676,55.302,29.079,7.308,4.57,1.543,0.526,119.572
19.436,54.446,45.732,5.55,9.422,2.386,3.996,123.69
31.165,50.575,53.838,6.584,6.376,0.692,0.964,129.714
28.03,52.475,36.513,5.962,9.356,1.32,0.292,119.205
19.883,73.166,39.051,6.912,6.359,2.224,1.758,129.309
19.352,49.621,36.092,5.638,6.518,1.979,0.451,108.389
30.764,78.234,42.259,7.386,5.679,1.444,0.918,137.501
22.98,84.916,69.925,6.721,11.87,0.938,3.378,169.148
33.118,86.696,46.579,7.872,4.129,2.671,1.94,153.338
30.955,74.708,45.891,7.135,5.018,1.379,0.23,137.546
29.869,53.883,44.329,6.822,10.69,2.507,2.968,132.673
22.736,48.838,73.206,7.487,5.105,2.267,3.241,136.511
30.052,55.441,30.865,5.659,6.246,2.468,4.078,121.812
34.119,88.288,68.594,6.898,6.102,0.441,0.865,169.856
19.557,88.306,41.358,6.171,9.576,1.546,3.886,142.067
23.545,62.186,72.826,7.231,7.29,1.023,3.247,150.54
21.989,59.661,40.761,5.073,10.725,1.058,2.624,122.806
24.685,67.95,29.144,6.283,9.979,1.048,1.326,123.625
30.62,58.126,51.002,6.955,8.249,1.334,2.169,134.159
26.062,89.085,36.393,6.382,5.992,1.386,1.053,138.295
27.702,54.955,62.649,5.714,10.339,1.922,3.286,144.018
23.341,61.611,57.865,6.393,10.928,1.121,3.225,138.552
20.402,64.322,59.323,7.549,10.69,1.055,1.024,139.997
22.538,50.628,34.674,5.621,4.414,1.265,1.286,104.185
32.615,62.227,60.432,6.102,9.584,2.048,4.075,149.382
28.241,83.553,40.567,7.971,9.632,0.4,2.228,146.135
24.426,51.316,74.934,7.738,11.545,2.193,2.57,154.649
31.428,71.281,61.588,5.102,6.108,1.214,4.322,154.585
19.096,63.299,54.521,6.591,10.291,1.783,1.09,133.765
22.316,52.674,68.356,5.196,9.513,2.228,2.897,141.314
21.912,45.555,54.466,7.772,11.03,1.626,3.528,126.639
34.751,57.3,52.637,6.325,9.546,1.953,1.574,145.274
30.004,47.782,36.866,6.255,10.82,2.608,1.528,121.001
28.502,61.955,58.906,5.819,6.877,0.472,4.056,137.501
18.085,81.459,43.732,6.706,5.261,1.239,0.627,134.464
21.133,77.386,27.154,5.435,6.907,2.624,0.877,123.414
28.804,87.632,65.803,7.397,10.52,2.41,1.967,172.857
24.455,64.216,27.594,6.474,5.053,1.88,3.633,109.208
33.713,76.851,58.615,6.699,9.104,0.95,2.156,158.937
31.0,74.94,32.836,7.522,11.9,1.193,1.363,139.255
25.606,54.767,46.628,5.555,11.16,2.459,2.007,130.662
30.742,58.661,67.955,5.526,9.369,2.076,2.115,152.588
34.582,68.842,29.721,6.262,10.341,1.086,3.326,135.572
25.837,80.85,58.358,7.358,4.932,0.717,3.936,153.069
28.923,65.782,55.631,5.176,7.991,2.274,1.581,146.811
33.617,55.248,68.376,7.386,8.255,1.783,3.247,153.964
22.227,89.706,33.637,6.502,10.262,2.712,3.216,142.385
33.071,50.201,64.989,6.685,6.261,1.376,3.498,146.547
19.658,88.015,47.506,6.693,4.852,1.238,2.674,141.368
29.024,81.407,46.432,5.169,9.585,1.098,0.263,143.063
31.308,82.75,43.089,5.749,7.941,1.557,3.02,148.681
28.448,80.771,44.279,7.266,10.738,1.175,2.833,149.827
26.424,54.368,50.998,6.237,7.852,0.576,2.83,131.678
28.495,73.466,30.34,6.682,10.77,1.149,1.41,132.532
20.578,79.054,46.253,7.835,8.063,0.925,0.621,136.625
21.665,78.556,57.599,5.139,10.262,2.357,1.014,148.872
22.588,57.22,49.91,6.349,9.766,0.965,1.13,126.024
28.162,53.15,33.291,6.084,6.129,1.501,0.947,114.118
25.512,59.766,43.153,5.319,6.475,2.015,1.252,120.433
22.156,66.593,47.148,7.852,11.194,0.758,0.495,132.723
33.008,70.82,58.444,7.884,5.848,1.675,1.358,158.993
24.357,82.663,70.038,5.934,9.58,2.433,4.491,164.585
25.583,79.607,52.519,7.84,5.161,1.802,2.399,147.666
24.965,75.427,58.818,5.106,10.041,1.558,1.681,151.397
21.093,56.857,28.859,7.943,5.786,2.413,3.298,112.117
30.438,66.55,72.723,7.508,8.753,2.673,2.219,160.306
25.624,60.095,40.76,5.643,8.514,2.37,0.327,125.751
18.276,55.572,42.715,6.799,5.628,1.38,2.554,114.07
34.388,45.461,36.142,7.395,7.931,1.868,1.507,115.965
31.868,60.276,29.234,5.958,11.034,1.664,2.656,127.397
30.301,56.525,64.502,6.061,9.444,1.128,0.945,146.857
32.775,70.736,37.025,6.887,11.941,1.445,2.275,137.62
33.416,47.804,39.134,5.441,10.276,2.39,1.033,122.48
23.737,57.173,34.09,5.355,9.148,1.121,1.485,113.855
28.386,47.015,73.744,5.749,8.506,2.535,3.155,143.468
28.35,73.864,64.052,7.224,11.499,2.779,1.179,162.239
22.544,70.569,71.495,6.1,8.216,1.136,1.994,155.722
21.773,60.187,68.086,6.522,7.221,0.695,0.514,139.315
19.936,51.63,70.315,5.586,10.676,2.697,3.155,142.472
29.208,88.106,48.952,5.582,11.522,0.811,2.517,157.033
31.276,71.298,33.527,6.951,7.831,2.252,3.699,135.929
30.936,75.56,41.344,5.325,5.098,0.494,2.501,133.667
23.377,68.911,39.623,7.004,8.867,0.965,4.475,132.652
21.489,81.294,60.857,6.202,9.927,1.024,1.237,149.443
25.711,85.337,26.284,7.014,6.989,1.113,3.391,133.394
27.296,62.222,32.102,6.145,9.983,2.606,2.059,121.727
33.624,76.051,59.144,7.538,8.248,0.821,1.817,154.657
32.872,55.345,31.172,5.167,6.411,0.817,3.346,118.887
33.573,74.333,27.415,7.68,9.036,2.06,4.309,136.419
32.454,62.962,30.461,5.806,7.112,2.686,3.449,127.348
34.398,45.305,59.534,5.128,10.295,1.334,1.62,136.058
25.913,87.999,31.966,6.687,4.025,2.256,2.393,136.425
18.807,84.08,32.315,5.673,10.545,0.474,1.134,129.183
19.421,58.088,36.515,6.378,6.453,2.378,2.867,118.383
24.635,89.899,62.546,7.407,11.677,2.136,1.931,167.668
22.381,59.271,35.018,7.375,10.073,2.552,1.181,118.51
20.889,65.648,26.769,6.801,5.928,1.93,0.291,107.239
34.204,83.307,70.293,7.934,11.83,2.659,4.179,177.235
21.322,58.707,68.816,6.391,7.997,1.336,0.539,141.639
34.309,65.274,34.241,5.118,8.183,2.158,1.616,133.181
30.934,74.951,38.267,7.458,11.276,2.141,1.019,139.437
28.896,50.871,34.428,5.664,11.347,1.045,2.325,119.427
29.492,64.006,60.977,5.529,9.575,2.609,1.038,148.423
23.635,58.923,37.5,5.21,11.828,2.27,3.366,126.965
28.989,75.455,71.572,5.984,6.631,2.479,1.167,164.644
21.174,51.119,66.382,5.978,5.859,1.27,0.997,126.015
33.941,55.473,54.42,5.908,4.234,2.419,1.133,139.482
23.13,77.012,25.447,6.78,6.771,1.156,1.48,121.121
22.338,52.03,69.183,7.255,8.821,2.715,2.96,141.892
30.09,63.991,61.388,7.813,6.443,0.457,1.101,144.065
29.16,77.08,64.395,5.282,8.637,1.886,3.196,160.894
25.672,79.446,28.591,5.451,4.387,0.669,2.05,122.742
28.752,49.27,60.428,6.77,6.833,2.125,1.047,132.703
20.711,83.34,65.229,5.294,9.984,1.273,1.232,154.692
29.447,77.579,72.832,6.112,4.835,2.49,2.468,162.69
22.6,60.268,54.024,6.874,9.719,2.494,1.828,139.488
22.638,79.371,50.402,7.342,10.106,1.283,2.409,146.343
20.757,77.773,46.27,5.653,8.55,2.344,3.694,146.203
23.65,72.04,60.064,7.004,11.089,2.035,0.397,150.16
23.631,70.132,71.041,6.938,11.637,1.424,1.893,159.376
25.721,78.062,54.988,7.579,4.277,1.224,1.986,143.424
21.237,89.967,36.364,5.941,9.433,0.905,1.279,137.364
21.281,71.035,25.879,7.25,5.897,0.552,2.1,114.502
27.21,81.392,55.956,7.256,7.265,1.642,2.637,152.726
20.191,78.492,68.23,5.718,8.985,1.696,2.715,155.417
29.711,83.511,28.299,6.863,9.698,1.466,3.08,139.174
34.047,87.954,44.879,7.025,10.722,2.681,0.53,159.414
25.256,53.689,72.002,5.823,9.643,0.433,2.178,141.746
33.319,52.446,50.084,6.355,10.219,2.441,3.458,139.706
19.671,71.386,36.033,6.307,8.793,2.322,2.157,127.204
18.73,65.218,42.683,7.321,4.936,2.221,3.023,122.45
30.263,70.683,45.407,5.002,4.171,1.66,2.739,135.403
30.937,80.912,30.864,6.503,8.238,0.857,2.198,137.211
32.332,86.927,58.04,5.553,9.724,2.471,0.539,158.083
18.966,63.784,54.608,6.941,4.871,2.187,2.923,132.235
31.207,77.307,57.386,7.041,7.434,2.399,2.498,161.219
24.401,53.856,55.54,6.503,6.049,0.966,0.224,120.547
23.157,69.055,25.834,6.626,8.537,1.73,1.089,119.183
20.941,45.981,33.723,5.945,7.124,1.398,0.464,103.82
34.932,67.669,33.279,5.94,5.612,1.935,2.652,128.076
19.082,69.54,29.898,7.235,4.035,2.206,0.265,114.425
32.059,78.095,61.774,5.395,6.572,0.817,3.822,161.943
28.871,74.227,31.007,7.315,8.129,0.818,4.274,129.358
30.496,61.128,58.41,6.965,11.434,0.505,4.395,147.206
30.099,45.258,33.92,7.653,5.82,0.777,1.174,110.18
32.593,50.197,30.916,5.78,8.098,0.976,2.329,118.334
21.124,88.788,33.127,6.519,8.532,0.574,4.032,135.141
18.014,86.505,50.42,5.117,9.194,1.254,3.156,145.568
28.175,59.629,57.274,7.738,6.629,2.02,1.485,138.325
24.016,56.648,65.596,7.026,4.796,2.303,3.786,141.728
20.104,64.639,31.428,6.869,11.371,1.23,2.668,122.112
21.164,76.047,55.809,7.198,11.622,0.601,3.339,148.486
23.64,61.057,63.692,5.853,7.506,2.222,4.368,144.26
19.194,48.028,40.62,6.812,8.645,1.339,4.489,113.988
18.968,63.126,28.986,7.403,4.232,1.003,2.371,106.709
33.572,56.727,32.797,5.271,4.378,1.53,0.873,115.88
23.306,59.622,29.578,7.876,4.613,2.728,2.864,117.228
34.698,52.333,69.361,7.676,9.91,1.294,2.969,158.046
34.394,74.648,43.835,7.889,5.818,2.703,2.66,142.477
20.424,68.698,51.167,7.425,5.476,1.008,2.015,133.869
30.154,57.189,63.434,5.883,4.067,0.653,2.701,143.141
28.214,69.924,43.575,6.745,4.183,0.777,2.496,129.816
29.741,67.172,57.455,5.36,7.243,2.257,4.262,148.155
19.635,80.819,28.834,7.263,8.333,1.69,3.802,126.275
21.206,88.019,49.045,5.461,8.632,1.797,1.893,152.33
19.303,50.88,29.826,7.6,7.663,2.723,2.655,111.17
28.27,84.776,37.414,5.722,7.676,1.612,2.634,139.91
34.772,76.716,39.667,5.481,10.025,0.681,2.396,140.982
29.424,76.165,60.879,5.213,6.317,2.124,0.45,154.714
30.083,61.844,58.705,7.134,5.902,0.899,3.264,145.13
34.738,60.476,62.354,5.559,10.835,1.796,3.344,157.87
29.526,45.254,28.088,5.593,9.514,2.451,2.282,107.933
18.683,89.199,74.696,5.509,7.815,1.545,4.077,169.806
32.739,72.293,27.721,5.917,6.203,1.154,4.431,128.041
24.2,63.105,66.287,7.824,5.093,1.781,3.696,148.377
18.074,69.47,62.013,6.46,4.299,0.705,4.19,139.754
26.623,46.824,54.588,5.783,10.819,1.138,2.296,134.485
33.929,52.814,46.943,5.511,8.747,1.61,4.131,136.156
22.375,73.051,62.857,5.057,4.367,1.01,4.221,145.794
26.356,68.142,61.993,6.095,5.269,0.494,2.881,145.619
20.954,80.418,31.859,5.33,6.237,1.804,0.848,124.657
18.981,74.643,64.632,5.081,6.105,1.363,0.855,141.544
19.369,72.065,28.928,5.309,8.387,1.337,2.231,122.892
30.359,81.687,50.027,5.956,7.196,2.792,3.363,158.181
32.689,48.072,57.254,7.253,11.058,0.668,2.356,138.264
20.436,76.09,66.084,5.201,9.755,0.77,3.639,155.254
22.901,77.202,48.156,7.036,11.286,2.503,3.51,152.05
21.316,57.382,36.843,6.862,10.903,0.713,1.076,120.028
18.457,53.804,49.533,7.646,11.371,2.602,0.771,124.444
27.408,54.623,37.51,5.552,11.84,2.013,3.235,125.056
29.899,53.916,51.436,7.383,6.494,1.668,1.578,127.849
29.014,68.57,48.125,7.595,5.677,1.068,4.205,142.336
24.597,51.103,64.025,7.929,5.321,1.263,3.935,139.879
27.435,74.668,37.005,7.426,9.025,2.382,2.14,139.954
19.6,49.729,34.999,5.371,9.448,0.538,2.696,109.646
20.623,46.21,48.709,7.841,4.703,2.245,3.843,119.063
33.841,59.368,27.525,7.445,10.569,2.387,3.947,125.201
30.946,53.634,36.467,5.637,10.265,2.094,2.595,125.774
33.687,89.49,42.685,5.496,9.028,0.531,4.379,154.512
33.584,58.635,49.381,7.809,7.485,2.182,2.44,141.249
29.04,54.993,38.472,5.467,5.229,2.136,0.377,116.889
33.78,53.855,53.032,7.331,8.045,0.431,2.62,138.947
25.084,61.823,68.921,6.216,5.273,2.541,3.541,152.225
18.061,72.263,52.186,7.171,8.84,0.717,4.435,139.673
19.064,80.188,39.342,5.276,6.48,2.706,0.653,131.087
19.861,61.406,28.099,7.175,5.978,0.57,2.094,110.408
19.621,73.169,31.833,6.536,7.528,0.971,2.723,125.821
23.979,66.693,53.061,7.701,8.646,2.057,3.99,142.117
29.922,83.092,59.185,5.565,6.94,0.729,3.278,159.957
31.441,70.607,27.483,5.328,11.709,0.844,1.194,131.717
28.034,58.045,34.277,5.589,4.047,0.427,3.895,118.835
20.489,76.661,40.954,5.236,11.303,2.384,3.056,131.874
30.714,81.903,40.989,7.94,4.005,0.49,4.049,141.486
24.032,65.945,72.92,5.369,5.734,1.918,3.788,155.237
18.221,89.424,35.189,5.603,11.971,1.798,0.756,135.629
22.77,84.559,28.126,7.429,9.825,1.627,4.33,138.127
23.62,53.863,42.651,5.74,9.156,1.3,2.153,125.602
22.662,80.404,31.722,5.667,9.809,1.119,4.425,131.243
31.802,72.043,31.329,7.017,7.266,2.697,1.004,129.163
30.919,69.067,45.373,6.196,10.274,2.285,3.611,143.704
29.824,68.127,40.32,7.506,5.239,2.615,1.511,132.281
20.363,83.404,29.586,6.915,10.351,2.161,0.393,133.141
31.733,72.489,55.215,5.865,11.516,2.39,4.474,155.037
29.512,69.197,50.085,6.794,10.861,2.714,1.505,148.23
21.312,47.199,28.855,7.599,9.917,1.489,0.546,106.944
29.018,65.174,68.137,6.093,9.211,2.577,3.9,160.139
26.22,85.862,39.236,7.209,8.169,0.503,2.058,142.826
25.469,77.028,73.069,6.247,7.162,0.659,2.679,160.955
19.906,47.293,71.577,6.629,10.925,1.577,4.435,145.801
26.811,84.78,46.705,7.201,9.18,1.49,2.267,149.388
19.699,82.2,36.428,5.182,7.479,1.452,0.489,131.192
20.792,69.601,66.743,6.365,10.278,1.689,3.172,151.355
20.253,46.008,43.064,5.286,4.433,1.692,3.256,105.392
34.22,70.309,33.178,7.175,10.505,2.489,1.035,136.265
22.843,47.457,52.58,6.823,10.486,1.23,2.545,125.505
24.038,59.417,49.47,5.981,5.828,1.159,1.788,126.867
23.475,73.301,67.501,5.229,4.301,2.085,0.415,147.171
33.27,86.081,61.464,7.777,9.71,1.956,1.54,170.774
27.57,61.101,68.807,5.945,5.599,2.392,4.111,152.949
33.626,83.701,61.735,5.826,11.968,1.142,1.491,166.984
23.099,86.326,57.109,5.303,4.073,0.415,1.159,146.823
19.952,45.947,50.009,6.732,5.838,2.666,4.246,117.197
27.456,55.774,74.378,5.797,4.336,0.506,1.844,146.008
23.874,76.944,72.958,7.529,10.261,2.032,4.244,170.425
31.632,79.058,67.443,7.048,8.63,1.172,3.985,171.231
32.95,62.659,63.766,5.012,10.787,1.416,2.223,152.175
26.034,74.554,53.878,6.697,11.701,2.411,1.855,155.664
34.513,72.547,37.988,5.696,8.881,1.407,0.792,137.581
27.401,78.29,68.772,5.046,5.854,0.746,1.02,154.405
22.606,77.34,25.541,6.858,4.741,2.211,1.2,116.307
26.313,48.864,36.372,5.615,10.93,0.449,2.223,112.572
18.634,52.121,45.187,7.699,5.961,1.059,1.8,115.687
31.668,50.973,54.308,6.72,11.148,1.691,3.642,139.424
19.724,86.962,53.044,5.628,11.026,1.451,1.476,148.435
23.249,86.109,33.791,7.937,9.022,1.889,2.025,135.869
27.61,80.884,30.24,6.639,8.832,1.315,0.728,129.519
18.731,50.252,36.116,5.496,11.607,1.337,1.366,107.822
19.348,70.842,42.435,6.552,10.048,1.237,3.567,134.119
29.834,53.425,25.703,7.878,9.466,2.529,3.241,121.671
19.22,61.577,59.623,6.273,7.486,0.442,1.93,138.005
26.11,57.019,37.386,6.276,7.872,2.655,2.683,124.559
23.758,82.302,42.57,6.383,7.111,1.26,2.171,138.201
21.877,51.5,41.745,5.84,11.571,1.276,4.049,119.624
21.209,74.078,50.591,5.485,9.105,2.142,1.897,141.878
30.978,89.275,67.99,6.737,10.243,1.332,3.305,174.91
34.176,75.917,32.469,7.683,4.298,1.88,1.14,135.269
20.383,48.566,42.036,7.207,10.819,2.569,2.067,122.727
34.315,85.853,59.601,5.289,7.341,2.431,2.476,167.111
28.111,73.939,27.212,6.203,9.897,1.637,0.65,132.156
28.908,65.534,66.499,5.016,4.32,2.12,2.726,147.137
30.069,74.686,73.091,5.924,11.151,1.342,2.671,169.341
29.97,84.557,55.382,7.008,9.279,2.263,0.883,159.947
31.937,66.471,72.825,5.871,7.66,0.808,4.494,159.565
26.219,68.909,45.653,7.522,6.428,0.51,0.598,134.03
27.067,65.36,45.752,6.432,6.488,1.698,4.05,139.071
23.505,48.267,30.312,7.008,6.427,0.917,2.314,110.515
19.789,80.418,26.772,7.652,5.048,2.149,1.158,121.966
29.299,50.689,37.225,7.048,7.71,0.643,0.685,111.703
18.571,62.756,48.906,7.692,7.628,0.42,3.208,128.558
22.686,62.407,50.384,7.424,7.295,2.022,3.444,135.904
19.602,57.602,35.879,6.701,9.625,1.602,3.096,116.409
21.242,63.113,55.64,5.892,7.359,2.685,2.005,136.47
28.858,72.81,34.06,5.894,4.712,0.994,0.942,125.185
28.684,59.012,41.311,7.626,10.816,0.696,3.595,131.078
25.158,52.763,34.785,5.162,7.401,0.455,3.946,116.685
19.533,84.122,59.833,7.824,9.242,1.466,1.885,156.943
25.367,88.687,50.829,5.981,11.439,0.642,3.817,153.38
23.997,65.636,61.805,7.217,10.139,2.262,2.933,147.556
30.248,59.716,27.862,5.99,8.31,0.573,2.466,113.931
27.843,47.137,46.268,7.86,8.36,2.61,2.826,130.667
26.357,46.658,73.348,5.109,10.796,1.698,0.663,145.126
26.279,62.68,27.681,6.06,10.589,2.071,0.739,113.548
34.427,86.861,45.919,7.602,5.429,0.714,3.325,154.466
30.857,77.882,27.02,5.822,9.012,0.615,4.371,132.469
26.449,60.717,32.333,5.827,10.926,1.249,2.384,119.982
26.147,88.562,48.126,7.696,10.426,1.649,0.432,155.403
18.45,64.294,32.876,7.492,4.998,1.781,0.493,114.474
34.023,57.456,50.938,5.317,7.486,1.191,2.21,138.289
23.426,64.186,71.137,6.741,8.146,1.054,3.028,149.501
22.351,54.519,35.02,5.67,6.062,2.755,0.866,110.381
34.99,84.854,30.359,5.645,9.436,1.054,0.342,141.018
30.218,61.253,66.264,6.846,7.81,0.731,3.337,149.772
18.805,74.609,48.013,5.372,6.38,1.263,0.828,131.191
19.052,62.507,69.131,6.409,6.695,1.129,2.084,143.346
18.434,85.578,40.306,5.767,10.853,1.412,3.357,135.804
28.194,73.907,56.377,7.562,10.93,1.897,0.739,150.157
19.217,66.971,71.166,6.663,10.499,1.848,2.104,151.371
33.868,50.946,33.585,5.645,11.311,2.076,0.679,126.145
33.927,85.586,65.036,7.779,11.618,0.776,1.694,174.662
27.283,69.607,56.576,7.469,7.935,0.51,4.123,147.404
28.483,57.827,65.647,5.796,4.774,2.298,3.15,146.094
22.962,84.507,33.535,7.883,10.401,0.921,0.299,134.104
19.088,47.45,46.704,5.803,9.067,1.158,0.778,116.57
30.537,59.133,31.442,5.878,7.044,1.494,1.463,120.682
19.73,69.157,73.004,6.158,11.804,2.119,4.051,161.509
19.454,60.292,28.135,5.494,6.709,0.793,3.412,105.031
23.291,66.453,28.274,7.061,11.261,2.566,2.855,121.187
18.212,56.894,69.908,6.672,8.741,1.172,0.856,139.281
25.379,50.854,40.038,7.683,4.293,2.758,4.194,120.652
30.031,46.658,54.851,5.723,10.883,1.085,3.675,140.359
31.623,52.094,39.374,5.511,10.098,2.142,1.23,120.651
28.273,87.883,57.438,6.076,9.14,1.304,1.939,160.661
32.397,70.893,34.623,5.438,8.917,2.408,2.042,135.192
24.911,67.003,47.943,7.838,5.751,1.51,2.726,135.262
32.429,62.295,51.675,7.152,5.716,2.489,1.812,145.379
26.61,76.879,41.682,7.389,4.233,2.209,1.103,137.851
21.792,51.357,37.585,7.244,5.233,1.806,3.068,108.58
34.05,57.426,32.01,5.728,6.692,1.0,3.113,126.571
22.675,74.516,60.307,5.422,8.326,1.024,2.102,151.07
18.445,66.558,33.414,6.288,5.046,2.779,2.293,117.308
22.125,79.654,39.606,7.487,8.461,2.621,0.418,131.547
24.234,85.37,41.845,5.992,6.107,0.732,2.161,139.16
23.973,82.052,47.718,5.029,6.032,0.89,3.642,144.056
26.919,53.289,60.128,6.98,11.584,0.656,2.743,142.674
33.013,49.116,46.397,5.6,11.939,0.883,4.159,128.701
22.97,52.625,68.555,6.629,10.492,1.097,3.281,140.995
26.853,80.259,58.989,5.045,4.435,2.41,3.544,156.577
23.782,86.122,66.924,6.527,9.829,0.628,2.171,167.014
31.97,86.645,60.818,6.181,5.427,2.517,0.946,164.313
20.679,58.42,32.432,7.641,8.554,2.733,4.122,120.965
19.76,82.815,73.896,7.165,11.15,1.076,3.035,167.188
26.551,69.131,64.329,5.108,7.042,1.495,4.111,154.175
29.422,82.026,53.636,7.369,11.431,1.67,2.855,159.358
31.524,69.676,33.262,7.374,9.667,0.894,2.154,133.699
28.024,51.565,33.634,6.99,6.408,2.156,0.779,111.007
31.155,48.565,55.717,7.788,4.759,1.792,1.91,133.98
24.676,88.075,45.81,7.41,10.523,0.669,2.769,147.278
18.559,64.161,58.793,5.657,7.664,2.55,4.202,140.938
19.974,60.773,43.621,6.145,4.582,1.125,3.766,119.846
18.658,61.034,50.642,6.05,4.825,0.775,2.407,124.659
23.592,62.052,34.398,6.515,11.736,2.756,2.126,122.475
26.423,87.525,32.76,7.861,5.944,0.647,0.343,133.347
24.057,47.822,28.782,6.847,11.733,0.543,1.71,108.382
27.53,50.358,65.982,5.939,9.449,0.97,4.42,144.986
26.17,80.534,52.769,7.825,6.404,1.166,3.386,152.693
29.525,69.723,72.357,7.101,7.07,1.441,2.456,157.732
29.338,50.784,62.474,5.798,10.216,2.044,3.908,140.015
23.407,46.551,63.438,7.72,7.483,1.278,0.299,127.449
23.886,55.091,50.453,6.033,4.598,1.742,4.318,124.705
27.948,56.736,65.773,6.549,5.839,0.414,3.209,146.696
28.139,45.64,72.103,6.438,10.883,1.324,0.257,146.1
23.35,54.724,61.087,7.771,9.569,2.668,3.234,138.267
23.615,78.224,30.279,5.797,8.008,2.26,0.557,130.972
29.799,83.495,57.551,6.0,5.964,2.178,2.95,161.769
29.006,85.421,31.022,6.98,7.797,1.131,1.494,133.075
20.296,62.546,28.861,7.66,10.311,1.572,1.112,111.861
25.498,59.374,59.645,5.345,4.652,2.427,2.901,134.06
33.176,89.994,66.739,5.63,11.958,2.512,2.066,177.959
18.617,79.62,32.942,7.844,10.878,2.105,0.477,128.856
32.538,69.181,28.707,7.332,6.544,1.496,3.736,129.208
20.774,56.465,69.326,6.038,10.965,0.576,1.344,136.392
26.623,59.459,31.61,6.073,9.454,0.686,2.858,115.56
25.214,68.191,26.754,6.409,9.331,0.401,2.82,120.386
18.172,69.394,61.053,7.021,5.118,1.262,0.441,138.4
33.562,45.616,67.386,6.683,11.247,0.456,4.488,142.704
25.734,88.173,50.724,7.328,7.603,1.444,2.125,149.856
34.223,70.902,51.996,5.163,10.426,1.834,1.083,152.825
22.875,71.512,41.843,7.457,6.396,1.83,2.078,128.138
32.727,54.516,36.923,5.174,6.464,1.733,2.793,123.538
33.681,79.424,62.762,7.643,11.718,0.943,0.213,161.506
27.466,78.177,67.464,5.13,7.973,1.646,1.491,161.691
21.446,49.282,41.062,5.383,4.479,2.752,2.506,107.476
29.649,71.775,38.691,5.541,10.686,1.467,3.186,137.618
27.333,74.619,38.39,5.669,5.818,2.499,1.547,135.733
34.057,82.601,27.53,6.205,11.03,1.315,1.937,141.643
25.468,54.274,39.054,6.966,11.332,1.895,1.151,121.294
22.565,84.494,26.283,7.678,4.582,1.556,1.46,123.249
20.351,65.767,64.42,6.574,8.659,2.053,3.156,145.389
29.877,49.344,37.796,6.597,11.852,2.554,1.65,120.459
34.56,49.753,59.508,5.958,11.447,1.458,1.402,142.749
18.482,53.901,52.159,7.402,8.202,2.218,1.484,124.445
30.588,57.724,66.873,5.331,9.444,2.518,2.834,150.731
33.758,67.338,73.019,5.903,8.834,2.295,2.612,168.013
19.271,78.694,43.365,5.291,5.626,0.459,1.95,127.47
19.873,53.403,29.417,5.643,9.224,0.4,2.919,101.999
29.763,89.669,62.482,6.76,6.665,2.519,2.964,167.07
29.015,52.268,26.065,5.378,6.704,2.15,0.256,108.416
19.17,71.972,36.148,5.302,7.36,2.7,1.658,123.693
32.185,86.802,27.663,7.478,10.817,1.102,1.25,140.621
26.898,82.463,69.907,5.355,5.907,2.291,3.765,162.921
33.422,74.155,25.265,6.824,6.006,2.324,1.384,126.02
32.926,77.197,49.637,6.056,4.059,2.458,1.564,146.608
31.813,51.039,46.2,7.689,5.24,2.061,2.512,126.879
26.77,45.435,57.637,7.123,11.829,0.732,2.554,135.507
22.279,64.537,39.487,5.178,7.471,2.034,3.687,126.211
26.602,49.028,68.685,7.686,5.561,1.851,1.868,138.141
19.714,61.099,61.717,6.242,11.725,1.201,1.409,142.152
29.2,55.068,46.615,5.895,4.217,0.901,2.815,126.926
20.278,86.236,42.901,7.018,7.873,2.524,3.332,140.038
26.69,84.603,65.794,7.154,10.437,0.741,4.468,159.411
18.924,81.852,62.853,5.91,10.183,1.413,2.859,151.129
23.092,77.127,44.95,6.055,5.514,1.895,2.31,138.008
21.945,51.933,42.069,5.469,9.662,2.732,0.772,120.64
28.541,47.177,26.944,6.78,8.978,2.01,4.444,107.966
31.375,74.425,29.085,7.871,9.402,1.132,3.145,135.479
18.974,73.902,27.696,6.25,6.129,0.546,0.91,115.547
32.455,61.624,26.221,7.989,10.486,1.162,2.177,127.063
32.633,66.271,32.644,5.529,8.474,1.103,2.609,131.608
23.819,67.012,67.857,7.388,9.801,2.366,1.133,155.822
29.203,55.797,64.908,7.784,11.517,1.304,3.35,151.033
24.844,59.137,67.279,7.064,10.844,0.636,2.996,148.901
20.621,63.828,56.19,5.328,10.259,2.488,1.205,136.586
26.987,72.143,56.203,5.98,6.317,0.443,4.456,148.597
19.468,88.012,31.197,5.257,4.433,0.407,4.279,125.177
32.934,69.232,59.948,6.805,8.597,1.539,1.342,153.166
33.713,77.902,39.001,7.994,4.276,0.566,2.1,141.172
31.967,81.315,50.963,6.124,9.714,0.825,4.048,160.006
27.563,50.108,72.736,5.489,9.895,2.765,1.947,147.087
27.479,74.391,68.531,5.806,8.503,2.426,4.306,165.316
34.738,66.695,36.66,6.712,5.345,2.234,1.062,131.919
22.214,70.759,61.833,6.707,11.006,2.01,3.313,153.846
19.291,46.729,30.205,5.689,8.767,0.515,2.778,99.313
27.553,85.78,26.337,7.252,8.119,2.406,1.689,136.613
23.589,87.875,26.409,5.264,8.541,1.531,3.287,132.235
23.48,45.157,33.512,6.869,4.663,0.636,0.304,98.132
18.12,54.576,59.747,6.277,9.923,1.122,1.193,129.506
28.136,53.109,43.165,5.382,4.486,1.605,1.324,123.304
22.489,80.159,25.797,6.903,8.627,0.433,0.705,119.728
21.194,71.914,74.401,7.019,5.354,1.006,0.346,148.043
18.687,52.98,51.669,6.32,5.662,1.206,1.718,120.702
24.194,81.629,44.694,7.394,5.866,1.513,1.139,135.562
32.942,60.906,50.942,6.528,4.114,0.405,0.771,137.98
23.723,65.739,50.999,5.857,11.135,1.757,0.876,140.972
29.544,62.429,48.512,7.861,10.434,0.874,3.753,143.154
30.861,68.462,55.647,7.832,4.25,1.833,0.608,143.949
23.578,66.606,69.281,5.287,4.456,0.974,3.317,151.626
31.968,57.356,40.086,7.838,10.263,1.367,0.432,132.681
29.762,64.105,49.348,7.326,4.054,1.897,0.375,132.919
27.507,85.875,25.182,5.32,7.752,1.976,2.102,135.859
18.017,67.63,67.991,6.558,4.858,0.473,1.842,138.666
18.597,86.237,40.295,5.105,8.733,1.684,2.547,136.929
34.845,69.756,38.565,6.767,11.987,2.36,3.221,140.253
31.299,79.597,74.877,7.8,5.376,0.895,1.532,168.61
33.939,58.212,54.22,6.105,11.653,1.677,1.036,143.57
33.339,80.569,31.152,6.526,10.924,1.474,3.735,142.114
18.348,56.894,38.276,5.683,11.887,2.44,0.911,117.071
31.461,45.88,42.661,6.623,10.13,1.453,3.633,124.232
25.669,52.233,74.303,7.408,10.856,2.665,2.725,152.156
31.422,45.974,46.531,5.646,8.757,1.966,1.444,128.506
18.114,87.618,36.507,6.66,10.938,1.747,1.551,134.179
22.899,89.999,53.487,6.064,4.892,1.101,1.794,152.109
30.773,79.3,45.238,7.244,9.933,1.832,2.742,150.8
31.481,49.866,27.748,7.106,9.03,0.715,4.412,116.618
28.535,85.453,68.046,7.096,4.479,1.399,1.569,163.831
23.121,78.47,25.784,6.133,6.333,1.083,4.25,122.142
23.276,59.951,69.924,6.798,5.729,2.009,1.082,145.203
34.435,67.603,64.593,6.953,7.241,2.234,0.686,157.855
25.467,74.779,28.791,7.042,5.587,2.629,2.488,123.968
25.601,46.082,61.181,6.726,6.199,0.933,4.399,128.656
27.39,67.569,63.547,7.6,6.368,2.523,2.285,151.338
24.962,77.958,55.115,5.746,8.798,2.43,3.64,153.787
27.395,53.47,53.884,5.167,5.079,2.47,2.232,133.289
25.35,64.971,27.484,7.888,5.929,2.177,3.855,122.647
32.054,68.964,27.975,5.182,6.537,1.043,3.695,126.948
33.454,78.1,61.364,7.709,7.593,2.507,3.151,163.646
33.846,88.4,30.278,6.837,4.305,1.839,2.846,142.241
27.593,83.172,37.092,7.756,11.994,2.177,2.428,142.788
25.517,72.968,49.942,6.695,6.403,0.893,4.314,140.064
29.989,71.264,33.208,7.463,6.299,0.778,2.597,129.4
32.252,72.143,64.492,7.164,8.439,1.064,1.65,157.652
27.571,69.533,65.369,6.575,10.832,1.627,3.994,158.377
29.9,47.671,67.107,6.09,7.654,1.4,3.038,138.373
30.745,76.423,27.478,5.009,5.991,2.53,2.6,127.071
29.499,77.235,46.394,5.753,8.527,0.431,3.133,146.844
30.684,68.062,67.346,7.855,7.864,0.592,1.7,153.542
21.547,84.167,43.161,5.826,7.385,1.181,2.01,137.154
26.472,75.26,59.791,7.256,11.871,0.803,1.041,153.883
28.001,61.32,54.462,6.525,11.968,1.376,3.877,142.243
18.042,45.886,42.36,5.926,8.496,2.122,3.062,114.553
32.551,47.662,38.82,7.973,4.544,2.784,3.744,119.464
28.37,60.831,57.637,5.141,8.535,0.885,1.565,139.955
20.195,65.795,31.681,6.746,11.62,1.038,4.48,120.593
31.878,52.509,68.006,6.385,11.406,2.245,1.736,151.39
30.19,53.52,53.822,5.23,5.724,1.053,1.721,130.105
30.891,55.36,30.575,5.642,5.521,2.089,4.331,118.997
24.665,80.123,60.176,7.083,5.218,1.8,3.017,156.264
32.521,79.708,46.556,5.325,10.558,2.452,4.214,153.356
25.038,62.232,35.204,7.403,7.92,0.48,2.88,119.931
27.699,52.756,73.053,6.875,6.704,2.751,1.26,146.908
18.011,49.991,60.982,5.303,6.598,2.714,1.88,130.663
28.963,48.921,54.65,5.86,6.203,0.454,3.893,129.824
30.209,62.608,67.443,5.412,11.061,1.599,2.305,158.029
27.641,47.049,52.193,7.393,7.277,1.363,3.249,127.592
26.441,60.014,47.074,6.599,5.952,1.01,0.916,130.178
31.769,88.269,34.472,5.008,9.683,2.747,1.919,148.653
29.583,67.838,32.67,6.629,9.084,0.819,3.81,131.123
22.727,82.019,46.598,6.448,9.723,1.033,4.246,142.293
34.304,50.817,47.799,6.929,10.576,0.42,1.594,128.742
30.024,57.064,61.666,5.105,4.81,1.793,0.942,141.911
34.795,87.595,47.104,5.106,4.016,2.466,0.301,155.421
34.511,62.26,54.658,6.048,4.405,1.893,0.748,147.487
33.621,74.178,66.626,7.066,9.654,1.964,3.793,163.62
30.841,88.926,74.667,7.0,11.476,0.559,2.159,180.639
28.36,69.785,41.126,5.835,6.649,2.116,1.454,130.761
20.927,58.741,70.098,5.648,10.25,1.382,3.535,144.616
27.237,68.938,65.303,7.049,9.833,1.537,3.612,154.961
31.011,47.459,28.4,5.081,11.824,1.804,1.757,114.957
26.855,50.057,41.708,6.67,7.766,2.741,4.076,122.228
32.76,45.323,35.952,6.272,5.329,2.196,2.191,116.099
19.864,84.789,58.219,5.717,10.122,2.041,1.323,154.739
24.476,75.208,52.765,6.561,10.551,1.437,4.069,151.625
26.601,58.425,49.743,5.652,9.658,0.483,0.858,132.067
25.35,54.952,63.178,6.693,10.905,1.693,4.483,146.085
19.846,75.738,41.665,5.447,6.969,1.986,2.837,131.298
20.61,86.379,44.138,6.217,9.523,2.09,4.136,144.678
32.239,58.461,68.282,6.531,6.111,1.859,0.969,150.998
26.235,59.47,73.61,5.095,7.572,1.121,1.873,147.002
18.828,83.441,63.818,6.832,5.94,0.93,3.955,153.805
18.28,85.202,35.854,7.251,5.236,0.616,3.8,128.193
26.049,86.132,30.633,7.868,4.288,2.087,3.949,135.984
20.794,58.192,35.46,5.609,9.371,2.73,1.406,114.352
29.987,50.414,46.138,5.626,11.002,1.66,2.856,128.93
31.52,64.8,36.835,5.914,6.515,2.016,1.875,127.804
21.881,58.309,70.052,7.672,7.434,2.062,1.579,142.478
28.067,84.774,58.536,6.221,4.028,0.787,2.437,154.353
20.626,46.649,45.836,5.905,7.303,0.86,3.275,108.749
23.161,73.525,38.691,7.224,6.251,0.9,2.43,124.65
33.11,85.778,44.033,5.114,8.594,2.639,1.191,154.886
27.25,88.95,48.803,6.646,11.268,0.437,3.672,156.982
33.06,74.256,60.691,6.351,8.049,1.699,4.404,158.756
21.829,87.747,29.467,6.875,9.404,1.305,1.76,135.43
23.61,48.405,67.442,7.193,9.644,1.982,3.852,139.496
26.006,61.168,31.378,5.975,5.219,0.929,3.915,115.765
26.161,45.392,38.123,6.909,6.773,2.707,1.32,111.342
34.96,89.153,74.679,6.573,4.905,1.195,3.233,183.969
19.946,85.623,34.51,5.402,7.526,2.622,4.235,136.427
32.483,46.262,30.057,7.645,11.098,1.814,3.381,118.988
32.683,45.816,56.92,7.264,7.847,1.395,0.329,133.923
27.404,61.514,44.656,7.765,7.649,2.161,2.799,128.465
23.849,56.634,29.592,7.161,5.675,1.727,3.547,111.02
26.827,83.112,25.187,5.734,6.482,0.733,2.858,129.053
22.972,52.222,28.958,6.292,11.493,2.091,0.324,109.788
31.585,80.579,51.137,6.161,6.424,1.791,0.717,156.028
26.471,69.951,36.545,5.107,9.851,1.758,3.647,131.09
33.739,61.983,63.878,6.232,4.337,2.172,2.299,152.424
28.586,51.557,67.875,6.037,5.027,1.968,4.319,145.786
26.743,89.896,32.242,5.012,6.492,1.279,1.984,137.97
30.088,72.809,41.851,7.541,11.211,1.164,3.733,144.69
26.567,64.772,32.329,5.432,5.754,1.002,0.353,116.617
33.377,61.701,39.335,6.503,9.814,1.78,3.816,131.189
21.136,85.758,36.96,7.354,5.34,1.12,3.894,136.563
34.547,81.954,64.343,6.813,8.903,0.689,1.757,168.003
31.807,81.503,42.274,5.508,8.695,2.278,1.531,148.966
32.632,72.729,49.778,6.855,8.976,0.902,4.113,150.237
26.209,84.958,58.695,7.273,6.29,0.796,3.544,159.478
32.232,58.468,66.113,7.564,5.297,2.438,2.771,148.428
23.215,76.667,40.06,5.956,11.092,2.085,2.076,141.039
30.953,63.2,35.461,5.102,8.556,2.239,4.122,128.426
20.388,72.0,73.923,6.824,5.696,1.241,3.413,154.33
23.22,89.917,41.007,5.677,7.307,1.882,1.992,145.156
25.577,89.304,58.553,7.343,4.537,2.637,2.336,157.838
23.479,68.068,58.892,7.04,7.803,1.078,0.623,143.207
24.579,70.824,50.701,7.32,7.391,0.566,3.686,139.293
31.942,85.379,36.422,7.903,5.062,0.81,3.819,144.579
22.363,89.354,32.073,6.754,7.555,2.554,1.729,136.209
30.67,80.037,49.351,7.713,9.116,1.076,1.532,149.691
19.253,47.933,50.546,6.926,11.428,1.579,1.285,127.01
31.018,59.519,63.668,5.545,9.625,1.683,0.946,145.801
31.464,85.345,60.492,7.398,8.019,2.704,4.275,162.883
24.829,79.576,70.602,7.081,10.16,1.124,3.464,163.298
30.282,78.4,73.543,7.934,6.239,1.651,2.064,168.255
33.557,75.057,61.393,5.73,9.35,2.699,0.674,159.287
31.612,63.687,28.826,5.999,4.04,0.883,0.8,119.991
24.638,63.146,45.256,7.464,4.58,1.835,3.252,131.783
26.232,81.402,55.44,5.189,8.994,0.553,1.073,149.308
31.249,58.22,54.51,6.9,5.54,1.031,1.696,132.716
22.974,75.817,34.072,6.606,9.51,0.566,4.315,127.861
31.666,77.679,54.147,5.506,9.094,1.192,2.699,154.239
23.577,83.005,42.484,5.495,4.509,0.895,3.676,134.052
31.702,59.395,41.946,7.431,7.14,2.316,0.647,129.584
19.476,78.385,66.7,5.046,8.904,1.512,1.621,156.252
18.755,49.792,46.097,7.241,9.708,1.372,4.051,120.927
34.96,51.213,51.37,7.198,10.529,2.062,3.685,141.258
32.781,63.78,53.144,6.949,6.644,2.673,3.311,143.595
33.008,47.485,53.15,6.229,10.694,1.124,2.726,135.854
34.172,87.646,35.656,5.085,6.834,0.56,1.356,143.464
25.451,85.585,54.973,7.405,4.056,0.663,2.718,151.402
22.876,47.202,41.731,5.377,8.88,2.457,0.418,115.951
20.21,82.724,57.751,5.842,5.933,2.43,1.07,149.967
26.521,67.899,32.285,7.84,4.995,1.541,2.429,123.577
21.741,76.588,74.706,5.906,6.067,0.754,0.209,156.512
33.904,84.912,63.602,5.765,10.623,1.664,1.199,168.222
18.068,70.964,45.863,7.92,11.312,2.004,0.855,136.136
20.434,50.235,40.068,5.258,11.694,1.197,1.686,112.601
22.19,45.116,44.39,5.482,6.423,0.598,3.891,112.733
21.382,67.361,61.06,6.315,7.647,1.173,4.274,147.352
21.838,87.715,57.77,7.363,10.42,2.057,0.91,155.744
29.153,70.768,60.105,7.653,6.543,2.748,1.194,148.148
23.568,61.782,69.45,7.267,7.081,0.856,3.842,147.149
28.455,46.391,47.815,7.929,5.898,2.595,0.943,126.55
33.134,86.174,58.476,5.051,8.579,1.496,3.388,159.819
28.243,59.722,47.075,6.859,9.274,1.992,0.568,133.015
29.807,76.715,56.905,5.349,6.548,2.473,2.988,152.316
24.214,76.241,48.741,7.731,4.194,1.738,1.343,138.057
20.716,56.425,63.833,7.806,9.887,0.548,3.423,138.451
23.45,47.87,25.263,5.909,8.933,1.038,2.433,104.94
34.393,62.325,35.786,7.483,5.752,2.327,0.969,129.335
28.571,59.271,39.822,6.891,6.517,1.727,1.93,128.127
22.718,76.512,72.27,5.301,11.657,1.19,2.412,165.021
25.666,81.89,50.352,6.808,9.042,1.8,4.483,152.452
32.204,55.01,43.218,7.928,8.764,1.045,2.266,129.765
29.364,68.77,45.216,5.924,9.118,0.978,0.85,137.747
27.531,46.827,47.591,5.003,11.636,2.388,2.587,128.719
33.048,54.642,68.392,7.93,6.719,1.36,1.147,145.793
29.431,79.279,73.117,6.242,6.247,1.058,3.982,168.296
28.926,80.703,67.208,6.293,7.014,1.382,3.786,163.847
21.226,79.938,67.083,7.138,10.408,2.61,0.753,157.807
19.809,51.407,34.951,6.813,4.968,0.834,2.73,104.775
34.407,69.797,38.434,5.906,5.655,0.845,3.195,134.337
28.181,64.022,54.802,5.3,5.826,1.249,1.282,140.741
25.067,89.617,57.807,7.482,9.091,0.545,2.893,159.244
28.013,74.433,35.135,6.45,9.133,0.58,2.19,135.593
19.051,87.084,62.314,7.017,6.975,0.426,2.273,153.869
31.976,51.541,34.998,7.582,6.21,0.751,2.571,116.04
21.683,65.289,38.151,5.053,10.037,1.937,2.652,125.908
31.677,79.722,40.34,7.578,4.254,0.871,3.252,138.79
27.084,61.554,67.3,7.255,9.91,1.307,2.145,152.283
22.702,73.463,61.604,7.84,5.682,2.093,3.307,149.007
18.514,68.027,51.534,5.701,11.222,0.476,2.29,136.352
31.869,89.637,65.987,5.967,7.31,0.902,3.05,174.578
21.0,52.824,65.646,6.984,9.138,2.79,1.331,133.841
18.881,87.091,44.492,7.777,4.968,1.833,2.529,138.882
30.85,63.071,64.072,7.978,6.031,1.984,2.212,147.574
23.951,66.06,35.312,6.25,9.605,1.639,1.499,129.781
24.619,68.787,50.161,6.618,8.403,2.718,0.468,137.189
22.2,56.941,30.912,5.512,10.164,0.746,2.394,109.414
32.606,88.365,46.34,7.082,8.507,0.562,0.242,158.831
23.055,86.017,51.018,7.512,8.555,2.359,1.876,149.533
21.573,88.781,28.996,7.396,10.866,0.41,1.794,129.469
23.257,89.861,48.131,6.038,7.398,1.748,2.925,147.388
21.454,75.141,57.584,7.89,11.16,0.403,4.446,150.565
23.4,65.326,55.704,5.361,6.978,1.236,3.889,138.971
19.41,83.283,27.718,6.482,6.629,1.962,4.393,125.285
20.695,46.071,29.767,6.664,10.235,1.714,4.289,105.803
25.09,82.548,42.568,6.61,4.092,1.744,0.519,137.212
32.951,67.378,67.134,7.274,5.378,0.778,1.412,157.684
18.974,75.295,68.488,6.829,4.574,1.107,1.477,148.795
21.615,61.832,40.481,5.231,8.097,2.104,0.505,119.641
33.442,61.588,60.945,5.54,9.025,0.456,3.841,149.703
33.13,46.427,53.87,6.597,4.083,1.829,4.05,133.984
29.551,64.071,74.171,7.084,5.292,1.641,2.801,161.374
22.088,63.376,29.732,6.543,6.42,1.225,4.031,113.121
25.137,55.116,52.394,6.067,6.354,1.203,3.272,132.547
21.591,56.13,54.627,5.153,4.777,2.317,2.094,126.582
20.186,71.286,40.383,7.358,5.383,1.317,0.844,120.345
24.46,59.3,27.348,6.492,10.776,0.592,4.322,112.022
27.789,82.361,27.605,6.616,9.605,2.709,3.177,139.984
24.119,50.012,47.681,6.407,6.369,0.713,1.723,122.963
28.384,70.994,59.624,5.796,6.107,2.314,0.753,146.56
23.036,52.202,60.009,5.829,4.642,0.433,3.636,129.032
23.879,68.771,34.048,5.191,6.791,1.275,3.649,119.438
31.441,69.865,67.899,7.123,7.185,1.636,2.535,161.246
32.931,73.903,43.858,5.816,11.233,0.471,4.5,147.595
23.475,64.234,73.218,5.896,9.945,2.162,1.862,150.347
27.716,67.926,30.908,7.981,7.833,1.025,4.251,127.681
22.729,53.143,66.823,6.157,5.079,1.699,2.91,133.485
18.907,65.836,70.417,6.532,9.249,2.302,3.367,151.997
30.544,61.786,66.134,6.159,11.488,1.819,4.143,154.079
20.907,74.976,65.442,5.871,4.624,1.493,3.774,150.422
25.237,64.567,43.066,5.018,10.789,1.207,1.441,128.725
26.28,80.07,60.667,7.565,5.441,0.508,3.929,148.79
21.136,64.17,53.967,6.419,9.61,2.591,2.521,140.507
19.607,55.61,46.224,7.16,5.471,1.821,0.393,120.38
23.916,57.316,74.656,7.876,8.8,1.916,3.097,150.801
34.189,47.038,39.523,5.008,5.901,1.457,2.349,120.94
28.457,69.296,45.657,7.025,8.334,1.295,2.507,140.026
24.484,82.39,70.143,5.356,8.801,0.512,1.97,163.017
18.661,79.61,39.45,6.374,8.948,0.806,0.476,133.925
28.205,64.701,32.634,7.54,9.462,1.421,0.975,125.926
19.568,53.825,40.5,5.214,4.552,0.98,3.453,111.191
27.223,83.857,62.966,7.969,9.627,0.507,1.207,162.126
30.783,47.555,67.993,6.743,5.237,1.71,2.899,140.655
25.201,62.965,30.722,6.185,9.416,1.514,2.53,117.758
23.09,83.548,56.086,5.059,4.992,1.411,1.152,149.953
18.806,62.693,53.364,6.76,7.835,2.282,1.406,132.687
18.421,50.304,58.44,6.485,7.094,1.839,1.849,120.774
25.31,56.968,58.553,5.646,11.739,0.403,3.985,138.69
33.017,72.001,72.973,6.471,9.046,2.229,4.248,172.206
22.149,51.842,42.326,5.038,4.706,1.558,1.863,109.664
27.759,74.472,39.988,7.998,9.607,1.64,0.398,135.402
29.633,64.717,54.061,5.996,5.553,2.535,2.784,149.082
19.034,60.048,46.471,6.441,6.289,0.662,1.996,120.16
20.603,55.842,48.688,7.354,7.028,1.839,2.317,127.149
23.632,82.05,28.464,7.138,10.21,1.077,2.1,134.516
29.392,62.85,32.412,7.666,11.553,0.488,3.015,125.102
25.464,78.232,71.769,7.824,11.395,1.45,1.509,166.399
30.481,64.816,28.415,5.568,5.365,1.081,4.038,126.808
32.749,49.134,54.507,6.171,4.483,0.404,2.011,131.138
30.892,64.823,62.729,7.06,10.628,1.583,1.669,159.13
34.868,67.846,25.593,5.135,6.306,1.147,4.169,124.703
30.824,65.603,36.137,7.151,8.663,1.442,1.74,135.086
32.487,81.731,43.854,5.015,11.829,0.428,0.557,148.442
32.15,85.988,50.341,7.742,5.491,1.364,0.868,153.033
30.415,80.405,42.08,7.155,6.999,1.529,3.271,147.251
31.631,71.225,57.45,6.696,10.941,1.518,2.618,154.877
33.89,69.365,36.32,6.287,9.2,2.121,2.499,137.67
26.079,74.008,26.274,7.964,11.5,2.779,0.553,129.136
28.851,57.952,25.079,7.21,9.054,0.467,0.906,108.2
26.754,81.533,42.276,7.422,6.429,1.35,1.904,139.199
32.468,83.558,43.083,7.476,10.441,2.456,2.126,155.645
25.333,57.025,72.43,5.066,10.074,1.902,1.819,151.91
31.935,85.627,27.239,5.164,11.469,2.761,2.362,143.248
31.589,83.193,51.503,5.595,7.809,2.112,3.354,157.59
34.352,64.102,53.891,6.966,8.023,2.138,2.934,149.527
22.232,85.905,59.964,6.872,6.591,0.583,2.829,156.489
30.064,50.42,56.937,5.975,6.15,1.061,2.598,129.798
30.868,46.259,25.407,7.919,11.972,1.801,1.064,110.433
33.917,60.654,56.593,5.279,11.818,1.654,2.8,149.27
33.417,70.445,41.119,7.33,8.237,2.23,0.881,140.675
27.75,60.815,63.643,6.443,11.641,2.785,3.266,147.019
27.846,87.393,34.418,6.257,6.849,0.896,2.145,136.16
20.844,56.462,60.81,5.077,10.8,1.428,2.7,136.625
34.574,57.655,56.275,7.183,9.079,2.48,3.91,151.283
22.335,73.567,57.615,7.315,9.737,2.412,1.804,147.156
30.321,45.174,33.797,5.957,9.746,2.361,0.629,112.624
31.529,77.74,58.459,6.551,9.087,1.889,4.033,162.072
25.501,61.986,61.849,6.819,10.819,2.784,1.769,146.672
21.59,88.999,49.471,6.103,7.136,1.259,1.948,149.499
21.212,76.114,42.018,6.847,10.794,0.679,1.473,133.825
32.56,47.35,33.328,6.302,5.467,0.718,2.007,110.238
26.683,49.168,39.498,7.634,5.6,1.446,2.44,119.911
19.532,48.968,63.191,7.156,9.739,2.332,3.826,138.034
30.189,87.868,45.47,5.331,10.001,1.487,3.297,152.573
22.253,75.782,60.136,7.399,11.218,1.867,2.407,153.971
32.899,64.242,62.005,6.013,6.197,1.259,3.485,150.147
23.263,54.022,58.709,7.807,4.449,2.116,3.846,135.146
21.405,84.314,58.677,6.81,8.06,0.768,0.45,147.946
19.443,54.07,55.54,5.083,11.003,1.648,2.747,132.24
26.696,76.801,50.921,7.203,11.772,0.844,0.386,150.034
25.663,79.35,34.891,5.392,10.863,1.525,1.525,133.009
30.772,58.26,67.14,7.632,7.92,1.433,3.478,151.898
25.898,67.721,73.213,7.845,10.907,1.851,3.603,165.401
23.845,55.035,48.324,7.086,5.712,1.623,4.0,124.205
22.448,62.052,71.662,6.599,11.369,2.742,2.342,151.904
22.728,88.431,74.9,6.806,8.535,2.561,0.562,171.9
33.773,76.191,49.31,6.287,7.115,1.106,0.745,147.319
20.806,83.098,61.218,5.251,8.653,0.691,1.251,147.211
34.799,69.327,57.19,7.787,10.272,0.555,1.8,153.474
23.558,55.757,36.863,5.988,5.921,0.875,2.464,118.946
19.503,77.08,27.354,5.939,4.815,0.933,2.978,123.027
22.228,67.526,47.668,5.574,9.865,2.533,0.899,132.572
18.993,52.958,64.36,7.977,11.62,2.62,1.013,135.395
31.431,63.559,41.257,7.828,9.096,0.953,0.944,131.895
26.713,73.568,64.222,6.048,5.141,2.221,3.446,158.578
23.729,78.09,57.74,5.78,9.147,2.406,1.499,153.034
29.255,55.945,59.777,7.416,4.933,1.306,0.917,140.699
28.721,84.42,39.287,6.268,6.428,2.492,2.055,146.164
33.978,62.08,48.502,7.903,4.253,2.773,1.264,135.382
34.341,57.201,34.085,7.704,7.9,2.723,1.788,125.355
29.572,53.78,37.329,7.278,6.571,2.181,3.743,121.835
31.903,81.188,29.493,5.27,4.78,1.292,1.636,130.905
31.471,60.937,31.339,7.106,6.472,0.945,0.952,118.814
26.352,66.753,35.526,7.962,9.181,2.783,1.2,127.715
29.976,55.027,54.012,6.12,6.313,1.063,0.348,133.531
19.33,75.874,47.061,7.645,5.145,1.452,4.075,136.229
30.886,80.147,38.347,6.224,8.358,1.034,3.197,145.849
34.351,60.274,68.056,7.914,10.026,1.591,2.192,158.592
19.445,87.529,51.257,6.961,10.641,0.665,2.612,147.643
32.214,46.377,71.155,5.29,7.777,2.342,1.293,145.725
33.861,50.982,56.748,6.437,9.689,1.612,1.936,136.751
21.845,71.495,25.789,5.149,10.667,1.407,1.575,112.951
26.922,76.563,70.674,6.185,9.383,1.272,3.746,166.027
33.774,56.281,67.873,7.746,8.218,1.791,3.397,156.926
34.324,69.933,56.764,5.697,4.48,2.272,1.421,149.629
20.174,59.327,51.739,7.852,6.32,2.566,3.478,129.916
23.933,69.934,47.646,5.3,6.559,2.42,0.604,130.39
29.868,74.67,49.109,6.994,7.16,1.469,1.071,147.231
21.766,88.776,63.461,7.897,11.607,2.402,0.657,165.003
23.521,65.506,50.657,6.962,5.671,1.669,1.224,133.241
18.396,74.17,33.801,7.697,8.332,1.932,1.173,123.616
20.61,71.012,27.909,7.973,11.93,2.019,4.072,124.237
27.56,59.29,31.309,6.926,8.95,1.359,1.608,116.453
29.103,56.388,37.572,7.347,5.671,1.567,1.727,121.959
29.032,89.454,43.387,5.096,11.682,2.062,0.629,151.259
31.232,54.308,69.621,6.282,6.69,1.139,0.484,144.679
25.06,80.562,36.954,5.865,4.383,2.193,1.143,136.596
22.649,51.596,40.98,7.473,7.451,1.25,0.779,114.961
18.265,81.196,36.151,7.033,5.925,1.805,1.682,121.993
21.513,53.358,52.287,6.843,10.551,2.41,1.0,127.279
23.311,88.522,55.854,7.795,5.76,0.456,0.966,148.686
21.03,75.869,51.606,5.267,10.559,0.977,2.984,142.286
18.342,49.055,72.593,7.862,4.289,1.747,4.251,133.059
20.677,76.193,74.769,5.302,11.433,0.655,0.254,159.51
29.324,72.163,66.87,6.041,4.338,0.893,3.234,153.998
28.703,60.19,65.265,6.891,11.508,2.198,3.035,151.895
33.907,56.733,43.303,6.024,4.59,0.462,2.716,128.625
31.569,77.344,53.989,7.048,10.981,1.864,3.177,157.768
27.652,78.361,42.574,7.326,10.651,0.482,2.387,142.744
20.338,59.724,64.218,7.486,8.755,0.678,4.186,140.85
27.589,84.43,33.592,5.538,4.288,1.337,0.88,132.776
19.047,57.097,35.834,5.546,8.969,2.715,2.236,116.297
25.325,48.144,26.935,5.157,8.943,1.71,3.008,107.432
24.634,71.994,55.447,6.473,8.458,1.149,4.107,149.364
25.273,49.818,59.427,5.413,9.052,1.387,2.296,131.655
22.757,57.45,25.168,5.956,11.745,1.765,4.401,114.882
29.659,67.823,50.539,7.521,11.964,1.887,3.023,153.963
32.296,57.886,43.844,7.846,8.164,1.043,3.207,133.602
31.065,54.675,64.619,7.466,4.734,0.874,3.718,143.974
28.672,76.643,26.945,5.002,5.072,1.589,3.356,123.334
27.152,69.615,27.428,6.704,9.763,1.948,2.447,123.554
18.528,82.789,56.01,5.5,11.856,2.36,3.522,152.319
30.29,71.156,54.582,6.127,7.488,1.823,0.354,147.426
27.265,66.755,66.555,6.284,4.784,2.062,4.211,153.728
22.603,56.757,54.613,7.829,6.824,1.562,3.74,133.717
23.573,80.643,72.469,6.901,7.08,1.76,2.942,165.864
33.905,53.859,40.719,5.803,11.973,1.925,0.496,127.791
28.614,55.9,44.896,6.928,9.493,0.967,1.468,129.692
26.091,82.871,73.884,7.856,4.943,2.642,1.291,166.912
28.556,78.354,30.376,5.177,6.697,1.229,1.305,129.45
25.034,72.579,64.795,7.448,4.388,1.851,3.09,150.675
25.993,46.751,25.578,5.651,9.224,1.746,3.967,104.701
22.935,50.727,49.326,5.459,9.382,2.448,3.131,123.164
25.478,67.498,32.67,7.697,4.46,0.673,1.872,120.749
29.655,78.585,54.943,5.006,6.684,2.522,4.368,156.253
18.679,65.885,64.908,7.223,11.223,0.729,3.909,146.288
31.515,45.778,26.652,5.262,10.615,0.747,3.147,110.911
22.811,53.292,33.189,6.854,8.594,2.469,1.909,111.988
29.604,71.495,42.131,6.863,7.877,1.017,3.14,139.737
28.926,76.24,37.79,7.588,11.943,1.868,1.954,141.852
29.095,46.504,44.161,7.468,9.778,1.513,0.867,121.505
28.338,46.95,72.593,7.055,11.621,2.642,2.861,152.148
34.305,56.759,30.06,6.142,4.573,2.277,3.202,122.777
26.642,48.758,46.164,5.499,5.697,1.204,1.702,115.184
30.449,69.388,47.855,6.907,4.249,2.352,4.196,142.259
29.993,50.567,39.017,6.491,10.943,0.942,3.873,122.531
22.017,74.17,38.925,5.234,9.554,1.877,2.706,132.567
22.816,79.975,60.738,7.867,5.421,2.204,0.459,142.417
25.208,88.673,55.892,5.943,11.794,2.088,0.274,159.37
22.721,87.678,65.642,5.006,11.646,1.976,2.952,167.616
24.235,57.301,45.254,7.705,5.797,2.392,3.699,127.106
24.646,46.323,55.336,6.731,9.176,1.735,2.352,125.277
28.266,59.824,69.679,7.199,9.345,2.628,0.301,156.69
21.738,76.882,67.566,5.458,4.032,0.748,0.823,151.18
31.673,47.691,71.001,6.214,9.51,1.254,1.108,144.625
25.438,61.187,38.449,6.935,5.771,2.279,2.899,123.567
30.006,58.412,74.271,5.753,11.211,1.139,2.29,152.013
19.385,54.871,65.819,7.104,10.708,1.463,0.639,138.346
25.989,76.776,64.74,5.701,11.242,2.255,2.357,156.791
18.48,74.659,58.379,5.627,10.06,1.693,3.939,148.395
29.49,69.097,74.163,5.035,5.319,0.85,2.088,160.101
23.843,85.985,47.078,5.846,6.884,0.82,0.844,142.914
34.137,49.641,62.077,5.74,9.671,1.123,2.685,141.147
23.51,51.736,59.941,7.293,6.587,1.127,4.196,136.947
27.585,62.255,61.604,6.709,9.68,0.728,0.698,144.219
22.376,74.515,62.573,5.533,6.689,2.403,0.873,148.255
28.542,71.284,34.538,6.704,5.422,1.078,2.637,126.201
25.94,48.332,42.453,5.676,8.145,2.325,1.662,119.443
24.301,88.129,44.613,6.277,9.49,2.736,4.051,151.337
21.463,58.728,62.4,7.665,8.138,1.197,3.265,136.214
19.896,61.154,60.812,7.158,9.135,2.729,0.832,141.966
20.038,73.063,66.668,6.953,7.504,0.859,3.944,155.378
34.984,87.532,64.426,5.844,10.227,1.954,2.962,177.548
25.009,74.821,54.802,5.374,9.2,2.779,2.323,150.846
18.033,87.965,31.997,7.259,8.597,2.34,1.303,136.618
34.2,53.442,56.773,6.704,7.483,0.951,2.994,138.37
18.34,72.846,69.353,6.868,8.286,1.018,4.063,149.805
25.116,82.3,57.159,7.925,4.408,1.03,0.365,147.471
30.197,67.906,69.781,6.045,9.334,2.663,1.813,161.032
33.548,61.298,74.953,7.402,5.635,0.989,4.223,159.876
30.119,89.314,42.96,6.677,10.881,1.623,1.847,151.548
25.882,51.344,61.164,5.706,10.499,1.24,0.354,135.178
34.566,63.492,51.998,5.159,8.224,1.267,0.636,141.886
18.668,84.302,47.749,6.848,10.777,1.38,3.17,147.342
34.777,85.522,36.993,5.893,9.366,1.228,3.211,150.087
32.44,89.117,37.296,7.086,5.13,1.84,0.695,140.862
33.792,84.818,34.249,7.102,9.926,1.421,1.143,146.589
22.331,47.293,56.574,6.366,11.966,1.458,2.625,133.936
20.422,86.839,32.103,6.609,4.328,1.614,3.152,130.51
29.276,64.268,46.569,6.88,5.959,1.255,0.874,135.268
26.77,74.323,51.167,6.406,8.782,2.211,2.162,145.01
26.894,62.742,46.912,7.632,7.322,1.608,2.617,135.367
33.719,81.615,67.746,5.228,9.1,1.622,0.414,165.866
28.541,70.916,47.158,7.939,8.691,0.904,1.162,139.568
23.288,83.05,29.142,5.1,10.304,0.474,4.151,131.374
24.801,53.72,74.61,5.624,4.567,2.342,3.984,147.951
20.269,53.324,67.249,7.125,7.525,2.453,1.587,135.536
21.269,64.817,58.002,5.255,10.88,0.979,3.932,137.895
20.437,45.214,62.816,5.787,6.902,1.264,2.92,128.137
31.775,76.178,31.41,5.462,8.03,1.259,4.421,137.262
29.983,58.322,63.296,7.171,4.173,2.042,4.355,146.435
27.016,70.078,35.387,6.737,5.793,0.849,2.853,129.595
24.364,48.15,49.449,5.193,7.709,2.749,2.212,123.021
29.364,52.679,33.899,6.38,7.192,0.548,0.812,115.088
31.819,73.029,62.689,5.626,9.717,2.737,2.481,159.715
32.981,58.755,37.297,7.903,8.895,0.565,1.913,127.645
27.299,54.662,37.66,5.324,11.042,1.162,2.976,123.845
31.938,55.298,30.461,6.794,10.838,1.002,0.585,125.365
26.692,54.667,61.03,6.446,5.93,1.023,3.79,139.775
26.067,73.028,39.792,6.734,4.141,2.787,4.359,136.25
32.712,52.546,50.914,7.869,10.836,1.5,1.1,138.672
24.568,61.322,41.612,6.024,6.633,0.687,2.921,118.216
24.731,75.955,63.735,7.246,6.777,2.757,3.648,157.532
23.183,68.115,36.324,6.342,5.267,0.982,2.584,124.645
26.818,71.878,72.042,6.982,9.544,0.574,4.222,162.522
27.262,56.291,41.067,6.097,6.241,0.458,2.401,121.243
29.228,86.972,30.193,5.681,5.414,1.512,1.363,132.887
25.319,63.625,37.015,5.251,8.027,2.604,2.228,124.324
21.703,57.913,28.697,5.305,10.003,0.441,2.298,108.277
32.736,85.695,48.437,7.878,6.157,2.14,1.291,157.382
23.882,74.488,37.513,7.365,9.776,1.025,3.584,137.995
33.69,72.628,69.302,5.735,7.696,0.926,2.856,168.245
21.525,84.903,50.856,6.587,7.23,2.089,1.793,144.721
27.521,47.634,36.668,7.143,6.876,2.195,2.013,113.538
27.122,82.696,47.564,6.058,5.165,1.742,1.798,143.173
32.087,75.504,34.8,6.32,6.661,0.885,2.126,132.39
20.36,61.2,33.936,7.155,11.034,0.415,2.471,115.33
33.469,56.536,40.033,5.682,4.817,2.169,1.623,125.002
27.034,49.716,30.415,6.579,11.666,1.839,3.718,118.762
27.964,87.348,34.432,5.63,4.86,1.414,4.192,138.406
26.673,51.386,71.902,5.009,6.896,0.913,2.448,145.313
18.612,56.675,58.34,7.071,8.85,2.229,3.259,137.427
26.451,76.1,71.055,7.122,10.703,0.57,4.201,165.957
22.48,76.957,37.842,7.987,5.149,1.942,1.025,132.722
23.826,52.235,67.851,5.543,5.129,2.052,1.016,132.817
29.035,81.636,43.114,7.219,9.027,0.936,0.512,142.701
26.461,67.963,32.21,7.844,6.342,1.56,2.101,124.539
19.585,83.181,65.235,6.934,9.156,1.648,1.624,157.094
19.242,48.928,27.983,7.889,10.565,1.819,2.61,109.186
21.156,46.927,45.243,7.983,4.615,2.563,2.14,112.472
21.245,73.665,65.966,7.405,10.756,1.711,1.018,151.755
28.341,51.751,55.859,7.998,4.301,0.562,1.882,129.733
21.023,68.623,50.903,6.877,11.191,1.228,0.324,134.656
32.989,45.635,42.682,6.491,11.805,1.908,2.511,125.126
21.566,80.097,28.753,7.753,9.34,1.2,1.366,125.527
19.549,85.479,74.549,7.493,11.874,2.243,0.683,167.529
32.888,82.75,33.739,5.33,10.576,0.856,0.483,144.58
23.021,88.126,37.765,5.908,4.355,0.743,3.272,134.173
25.232,85.639,36.796,5.782,4.03,0.954,1.264,135.954
34.303,64.981,70.397,7.566,4.166,2.503,3.033,162.987
34.054,62.926,63.184,5.7,7.615,2.034,3.707,153.162
30.154,85.328,47.866,5.912,8.987,1.648,2.35,154.339
19.172,86.712,72.771,6.556,7.852,1.121,0.772,163.029
28.087,88.778,27.639,5.228,9.417,2.605,2.843,140.947
34.814,79.574,69.684,7.884,7.597,2.533,0.508,170.659
34.098,54.089,28.021,6.473,4.341,1.359,3.714,115.048
19.802,87.523,44.557,5.571,5.809,2.207,3.475,143.872
24.731,87.621,27.7,5.812,11.941,2.593,1.929,136.803
23.364,74.976,74.948,7.394,6.767,1.152,1.357,159.174
20.205,83.578,70.719,6.902,6.598,1.189,3.251,161.025
29.812,70.253,54.24,6.394,5.222,1.71,2.639,147.373
22.655,87.486,35.892,5.995,11.897,1.38,0.824,144.306
23.863,49.227,38.839,7.702,5.844,2.228,3.465,113.972
19.536,83.878,47.477,7.318,9.175,1.689,1.636,143.222
26.465,47.498,41.139,7.154,4.336,0.908,4.044,112.183
20.689,60.26,26.066,6.338,4.532,1.255,3.767,111.14
25.346,51.09,57.813,7.943,9.734,2.011,1.386,134.8
20.437,66.561,55.671,7.13,9.081,0.528,1.298,135.392
34.215,55.451,70.216,6.271,9.441,1.221,1.911,153.984
20.465,87.843,48.843,7.882,5.848,0.439,3.659,145.871
26.872,70.169,42.235,7.687,11.879,2.37,0.762,136.722
21.349,85.398,50.576,7.22,8.467,0.681,1.559,149.044
19.298,57.513,34.735,7.301,11.756,0.585,3.034,118.145
21.439,46.169,56.277,6.271,5.313,2.288,0.344,122.722
18.931,79.904,63.502,6.522,7.241,0.615,0.44,145.848
20.37,76.607,32.673,5.575,6.685,2.042,3.477,124.307
26.389,69.547,40.919,6.786,10.041,1.312,2.446,134.52
29.081,81.69,68.39,6.11,9.981,2.372,2.598,170.895
19.485,82.804,50.277,6.042,7.892,0.839,1.27,142.274
25.497,71.456,51.592,7.845,4.129,0.603,2.487,136.298
27.881,88.467,61.12,5.494,5.402,0.948,2.544,161.869
21.982,77.387,53.895,7.49,4.402,2.637,1.979,140.965
24.325,75.459,28.479,5.844,10.776,2.39,4.347,129.176
19.221,61.264,65.198,5.086,6.318,1.086,0.412,135.448
21.742,45.102,71.142,5.121,4.943,0.895,1.984,128.081
25.935,55.842,27.664,6.288,6.833,0.776,3.887,109.439
34.838,79.376,31.062,6.363,4.618,0.931,1.087,138.121
34.937,76.944,60.099,5.961,11.831,0.892,4.22,168.914
34.654,59.896,55.224,7.006,6.52,2.532,2.03,150.867
25.192,73.151,44.126,6.456,11.465,0.448,0.873,138.086
19.372,53.788,51.962,5.222,9.462,2.512,0.6,126.094
23.501,56.863,60.167,6.044,8.529,0.499,1.606,134.47
22.041,87.633,50.224,5.306,7.804,2.384,4.155,150.599
18.24,63.593,32.009,5.189,9.499,1.422,4.238,119.033
19.619,56.024,29.472,5.625,9.49,0.585,2.622,111.476
25.704,66.92,46.943,7.102,4.084,2.318,0.708,133.459
23.774,62.416,71.144,7.088,11.262,1.015,2.163,150.094
21.066,77.829,52.889,7.584,6.944,2.507,1.996,145.236
30.174,88.295,42.911,7.269,6.826,2.205,1.194,148.272
24.071,71.628,70.435,6.606,7.253,2.756,0.527,154.27
32.482,71.602,44.432,5.938,9.482,2.396,1.841,148.467
22.097,61.418,50.457,5.017,7.008,0.978,1.799,124.912
27.153,70.408,30.825,6.941,6.991,1.382,3.227,131.746
21.13,59.37,61.87,5.869,4.508,2.072,1.895,136.01
26.42,45.049,60.015,5.75,7.333,1.159,0.256,126.113
20.592,83.974,64.712,7.924,5.196,1.712,0.286,153.397
20.747,64.325,41.26,5.523,10.845,0.97,3.156,124.899
28.408,67.144,46.803,5.097,6.676,1.991,3.041,135.843
22.484,48.758,33.417,7.848,11.687,1.221,0.89,111.198
20.93,82.67,73.225,5.918,9.476,0.532,3.925,163.606
33.806,52.665,29.304,6.18,10.049,2.723,3.049,120.32
18.731,63.478,57.451,5.243,11.582,2.425,0.862,136.613
27.608,82.812,60.263,6.212,5.911,1.129,1.437,151.947
27.32,65.6,32.887,7.917,8.538,0.711,4.387,123.894
22.26,86.902,43.266,7.082,4.326,2.165,1.953,137.595
25.697,54.419,27.156,6.421,4.806,0.93,1.218,109.944
19.492,77.185,52.83,5.922,6.933,1.853,2.454,141.937
30.262,89.01,74.747,6.098,9.46,2.27,1.084,179.372
21.769,69.733,46.494,6.834,10.654,1.054,3.604,136.757
21.288,76.148,74.5,5.763,6.051,1.083,3.615,159.726
23.353,62.695,31.311,5.456,9.993,0.548,3.644,121.935
33.34,78.81,44.623,7.089,5.794,1.168,2.854,148.134
31.54,85.899,70.098,7.608,4.048,1.834,3.184,174.974
34.097,76.638,68.835,7.705,4.435,0.774,1.582,162.747
29.083,87.117,41.18,7.524,8.684,2.687,3.979,154.068
29.27,71.489,58.931,6.592,7.977,2.134,0.82,152.313
